"Arcade Card Duo / アーケードカードDUO","arcade-card-duo","JP","Hu",1994,"NEC Home Electronics / NECホームエレクトロニクス"
"Bikkuri World / ビックリマンワールド","bikkuri-world","JP","Hu",1987,"Hudson / ハドソン"
"Body Conquest II / ボディコンクエストⅡ","body-conquest-ii","JP","Hu",,"Hacker International"
"Bomberman '93 Special Version / ボンバーマン'93 スペシャルバージョン","bomberman-'93-special-version","JP","Hu",1992,"Hudson / ハドソン"
"Bomberman '94 / ボンバーマン'94","bomberman-'94","JP","Hu",1993,"Hudson / ハドソン"
"Bubblegum Crash! Knight Sabers 2034 / バブルガムクラッシュ！","bubblegum-crash!-knight-sabers-2034","JP","Hu",1991,"naxat / ナグザット"
"Burning Angels / バーニングエンジェル","burning-angels","JP","Hu",1990,"naxat / ナグザット"
"Cadash / カダッシュ","cadash","JP","Hu",1991,"Taito / タイトー"
"City Hunter / シティーハンター","city-hunter","JP","Hu",1990,"Sunsoft (Sun Electronics) / サンソフト（サン電子）"
"Daisenpu / 大旋風","daisenpu","JP","Hu",1990,"NEC Avenue/Toaplan / NECアベニュー/東亜プラン"
"Don Doko Don / ドンドコドン","don-doko-don","JP","Hu",1990,"Taito / タイトー"
"Doraemon Meikyuu Daisakusen / ドラえもん 迷宮大作戦","doraemon-meikyuu-daisakusen","JP","Hu",1989,"Hudson / ハドソン"
"Energy / エナジー","energy","JP","Hu",1989,"Masaya (NCS)/Luasan Soft / メサイヤ（日本コンピューターシステム）"
"F-1 Pilot - You're King of Kings / F1パイロット","f-1-pilot-you're-king-of-kings","JP","Hu",1989,"Pack-In-Video / パック・イン・ビデオ"
"F1 Circus / F1サーカス","f1-circus","JP","Hu",1990,"Nihon Bussan (Nichibutsu) / 日本物産（ニチブツ）"
"F1 Circus '91 World Championship / エフワンサーカス'91 ワールド・チャンピオンシップ","f1-circus-'91-world-championship","JP","Hu",1991,"Nihon Bussan (Nichibutsu) / 日本物産（ニチブツ）"
"Final Match Tennis / ファイナルマッチテニス","final-match-tennis","JP","Hu",1991,"Human / ヒューマン"
"Fire Pro Wrestling 2nd Bout / ファイヤープロレスリング 2nd BOUT","fire-pro-wrestling-2nd-bout","JP","Hu",1991,"Human / ヒューマン"
"Fire Pro Wrestling 3 / ファイヤープロレスリング3 Legend BOUT","fire-pro-wrestling-3","JP","Hu",1992,"Human / ヒューマン"
"Gaia No Monshou / ガイアの紋章","gaia-no-monshou","JP","Hu",1988,"Masaya (NCS) / メサイヤ（日本コンピューターシステム）"
"Genpei Toumaden / Ghost Samurai / 源平討魔伝","genpei-toumaden","JP","Hu",1990,"Namcot / ナムコ"
"Genpei Toumaden Kannoni / 源平討魔伝 巻ノ弐","genpei-toumaden-kannoni","JP","Hu",1992,"Namcot / ナムコ"
"Gradius / グラディウス","gradius","JP","Hu",1991,"Konami / コナミ"
"Honou No Doukyuuji Dodge Danpei / 炎の闘球児 ドッジ弾平","honou-no-doukyuuji-dodge-danpei","JP","Hu",1992,"Hudson / ハドソン"
"Image Fight / イメージファイト","image-fight","JP","Hu",1990,"Irem / アイレム"
"Kaiser's Quest / カイザーズクエスト 麻雀覇王伝","kaiser's-quest","JP","Hu",1992,"UPL / ユーピーエル"
"Kaizou Choujin Shubibinman / 改造町人シュビビンマン","kaizou-choujin-shubibinman","JP","Hu",1989,"Masaya (NCS) / メサイヤ（日本コンピューターシステム）"
"Knight Rider Special / ナイトライダースペシャル","knight-rider-special","JP","Hu",1989,"Pack-In-Video / パック・イン・ビデオ"
"Kyūkyoku Mahjong Idol Graphics / 究極麻雀アイドルグラフィックス","kyūkyoku-mahjong-idol-graphics","JP","Hu",1992,"Games Express"
"Lady Sword","lady-sword","JP","Hu",,
"Magical Chase PC Engine FAN Edition / マジカルチェイス PC Engine FAN ed.","magical-chase-pc-engine-fan-edition","JP","Hu",1993,"Palsoft/Quest / パルソフト/クエスト"
"Maison Ikkoku / めぞん一刻","maison-ikkoku","JP","Hu",1989,"Micro Cabin / マイクロキャビン"
"Makai Hakkenden Shada / 魔界八犬伝SHADA","makai-hakkenden-shada","JP","Hu",1989,"Data East / データイースト"
"Momotarou Densetsu Gaiden Daiichi / 桃太郎伝説外伝 第1集","momotarou-densetsu-gaiden-daiichi","JP","Hu",1992,"Hudson / ハドソン"
"Momotarou Katsugeki / 桃太郎活劇","momotarou-katsugeki","JP","Hu",1990,"Hudson / ハドソン"
"Mr. Heli No Daibouken / ミスターヘリの大冒険","mr.-heli-no-daibouken","JP","Hu",1989,"Irem / アイレム"
"Nekketsu Koukou Dodgeball Bun PC Bangai Hen / 熱血高校ドッジボール部 PC番外編","nekketsu-koukou-dodgeball-bun-pc-bangai-hen","JP","Hu",1990,"naxat/Technos Japan / ナグザット/テクノスジャパン"
"Nekros No Yousai / ネクロスの要塞","nekros-no-yousai","JP","Hu",1990,"ASK Kodansha / アスク講談社"
"Ninja Spirit - Saigo No Nindou / 最後の忍道","ninja-spirit-saigo-no-nindou","JP","Hu",1990,"Irem / アイレム"
"Obocchama-kun / おぼっちゃまくん","obocchama-kun","JP","Hu",1991,"Namcot/Pack-In-Video / ナムコ/パック・イン・ビデオ"
"Operation Wolf / オペレーション ウルフ","operation-wolf","JP","Hu",1990,"NEC Avenue/Taito / NECアベニュー/タイトー"
"Out Run / アウトラン","out-run","JP","Hu",1990,"NEC Avenue/Sega / NECアベニュー/セガ"
"Override / オーバーライド","override","JP","Hu",1991,"Data East/Sting / データイースト/スティング"
"Pachio-kun Juuban Shoubu / パチ夫くん 十番勝負","pachio-kun-juuban-shoubu","JP","Hu",1992,"Coconuts Japan / ココナッツジャパン"
"PC Genjin 3 Taikenban / PC原人３　体験版","pc-genjin-3-taikenban","JP","Hu",1993,"RED"
"Puzzle Boy / パズルボーイ","puzzle-boy","JP","Hu",1991,"Renovotion game, Telenet Japan/Atlus / RENO, 日本テレネット/アトラス"
"Rabio Lepus Special / ラビオレプス スペシャル","rabio-lepus-special","JP","Hu",1990,"Video System / ビデオシステム"
"S. C. I. - Special Criminal Investigation / S. C. I. SPECIAL CRIMINAL INVESTIGATION","s.-c.-i.-special-criminal-investigation","JP","Hu",1991,"Taito / タイトー"
"Salamander / 沙羅曼蛇 （サラマンダ）","salamander","JP","Hu",1991,"Konami / コナミ"
"Street Fighter II - Champion Edition / ストリートファイターII'","street-fighter-ii-champion-edition","JP","Hu",1993,"NEC Home Electronics / NECホームエレクトロニクス"
"Strip Fighter II / ストリップ・ファイターII","strip-fighter-ii","JP","Hu",1994,
"Super Momotarou Dentetsu II / スーパー桃太郎電鉄II","super-momotarou-dentetsu-ii","JP","Hu",1991,"Hudson / ハドソン"
"Super System (3.00) Card / スーパーシステムカード3.00","super-system-(3.00)-card","JP","Hu",1991,"NEC Home Electronics / NECホームエレクトロニクス"
"System (1.00) Card / システムカード1.00","system-(1.00)-card","JP","Hu",,
"System (2.10) Card / システムカード2.10","system-(2.10)-card","JP","Hu",1990,"NEC Home Electronics / NECホームエレクトロニクス"
"Takeda Shingen / 武田信玄","takeda-shingen","JP","Hu",1989,"AiCOM / エイコム"
"Tennokoe Bank Card / 天の声バンク","tennokoe-bank-card","JP","Hu",1991,"Hudson / ハドソン"
"Tenseiryu / Saint Dragon / 天聖龍","tenseiryu","JP","Hu",1990,"AiCOM / エイコム"
"The Newzealand Story / ニュージーランドストーリー","the-newzealand-story","JP","Hu",1990,"Taito / タイトー"
"Wonder Momo / ワンダーモモ","wonder-momo","JP","Hu",1989,"Namcot / ナムコ"
"Zero 4 Champ / ゼロヨンチャンプ","zero-4-champ","JP","Hu",1991,"Media Rings / メディアリング"
"Alzadick Summer Carnival '92 / アルザディック サマーカーニバル'92","alzadick-summer-carnival-'92","JP","CD",1992,"naxat / ナグザット"
"Avenger / アヴェンジャー","avenger","JP","CD",1990,"Laser Soft, Telenet Japan / レーザーソフト, 日本テレネット"
"Bikkuri Daijikai / ビックリマン大事界","bikkuri-daijikai","JP","CD",1988,"Hudson / ハドソン"
"Cosmic Fantasy - Bouken Shounen Yuu / コズミック・ファンタジー 冒険少年ユウ","cosmic-fantasy-bouken-shounen-yuu","JP","CD",1990,"Laser Soft, Telenet Japan / レーザーソフト, 日本テレネット"
"Cosmic Fantasy 2 - Bouken Shounen Ban / コズミック・ファンタジー2 冒険少年バン","cosmic-fantasy-2-bouken-shounen-ban","JP","CD",1991,"Laser Soft, Telenet Japan / レーザーソフト, 日本テレネット"
"Dekoboko Densetsu - Hashiru Wagamanma / デコボコ伝説 走るワガマンマー","dekoboko-densetsu-hashiru-wagamanma","JP","CD",1990,"Renovotion game, Telenet Japan / RENO, 日本テレネット"
"Download 2 / ダウンロード2","download-2","JP","CD",1991,"NEC Avenue/Alfa System / NECアベニュー/アルファ・システム"
"Efera & Jiliora - The Emblem From Darkness / エフェラ アンド ジリオラ ジ・エンブレム フロム ダークネス","efera-&-jiliora-the-emblem-from-darkness","JP","CD",1991,"Brain Grey / ブレイングレイ"
"Exile - Toki No Hazama E / エグザイル ～時の狭間へ～","exile-toki-no-hazama-e","JP","CD",1991,"Renovotion game, Telenet Japan / RENO, 日本テレネット"
"Fighting Street / ファイティング・ストリート","fighting-street","JP","CD",1988,"Hudson/Alfa System/Capcom / ハドソン/アルファ・システム/カプコン"
"Gambler Jikochuushinha / ぎゅわんぶらあ自己中心派 CDだよ全員集合!! 激闘36雀士","gambler-jikochuushinha","JP","CD",1989,"Hudson / ハドソン"
"Gensou Tairiku Auleria / 幻蒼大陸 オーレリア","gensou-tairiku-auleria","JP","CD",1993,"Taito/Winky Soft / タイトー/ウインキーソフト"
"Hellfire S / ヘルファイヤーS","hellfire-s","JP","CD",1991,"NEC Avenue/Toaplan / NECアベニュー/東亜プラン"
"J.B.Harold Series #1 Murder Club / J. B. ハロルド 殺人クラブ","j.b.harold-series-#1-murder-club","JP","CD",1990,"Hudson/Riverhill Soft / ハドソン/リバーヒルソフト"
"Jantei Monogatari 2 - Uchuu Tantei Diban - Shutsudou Hen / 雀偵物語2 宇宙探偵ディバン 出動編","jantei-monogatari-2-uchuu-tantei-diban-shutsudou-hen","JP","CD",1992,"Atlus / アトラス"
"Jantei Monogatari 2 - Uchuutantei Diban - Kanketsu Hen / 雀偵物語2 宇宙探偵ディバン 完結編","jantei-monogatari-2-uchuutantei-diban-kanketsu-hen","JP","CD",1992,"Atlus / アトラス"
"Kawa No Nushitsuri Shizenha / 川のぬし釣り 自然派","kawa-no-nushitsuri-shizenha","JP","CD",1992,"Pack-In-Video / パック・イン・ビデオ"
"L-Dis / エルディス","l-dis","JP","CD",1991,"Masaya (NCS) / メサイヤ（日本コンピューターシステム）"
"Laser Soft Visual Collection Vol.1 - Cosmic Fantasy Visual / レーザーソフト ビジュアル コレクション Vol.1 コズミック・ファンタジー集","laser-soft-visual-collection-vol.1-cosmic-fantasy-visual","JP","CD",1993,"Laser Soft, Telenet Japan / レーザーソフト, 日本テレネット"
"Laser Soft Visual Collection Vol.2 - Valis Visual / レーザーソフト ビジュアル コレクション Vol.2 ヴァリス ヴィジュアル集","laser-soft-visual-collection-vol.2-valis-visual","JP","CD",1993,"Laser Soft, Telenet Japan / レーザーソフト, 日本テレネット"
"Legion / レギオン","legion","JP","CD",1990,"Renovotion game, Telenet Japan / RENO, 日本テレネット"
"Nartore - The Suguroku '92 - Narigari Trendy / なりトレ ザ・スゴロク'92 NARIAGARI TRENDY","nartore-the-suguroku-'92-narigari-trendy","JP","CD",1991,"Laser Soft, Telenet Japan / レーザーソフト, 日本テレネット"
"NoRiKo / 小川範子","noriko","JP","CD",1988,"Hudson/Alfa System / ハドソン/アルファ・システム"
"Pachio-kun Maboroshi No Densetsu / パチ夫くん 幻の伝説","pachio-kun-maboroshi-no-densetsu","JP","CD",1991,"Coconuts Japan / ココナッツジャパン"
"Rainbow Islands / レインボーアイランド","rainbow-islands","JP","CD",1993,"NEC Avenue/Taito / NECアベニュー/タイトー"
"Ranma 1/2 / らんま1／2","ranma-1/2","JP","CD",1990,"Masaya (NCS) / メサイヤ（日本コンピューターシステム）"
"Ranma 1/2 - Toraware No Hanayome / らんま1／2 とらわれの花嫁","ranma-1/2-toraware-no-hanayome","JP","CD",1991,"Masaya (NCS)/Tenky / メサイヤ（日本コンピューターシステム）/テンキー"
"Rayxanber II / ライザンバーII","rayxanber-ii","JP","CD",1991,"Data East / データイースト"
"Record of Lodoss War / ロードス島戦記","record-of-lodoss-war","JP","CD",1992,"Hudson/Humming Bird Soft / ハドソン/ハミングバードソフト"
"Seiryuu Densetsu Monbit / 聖竜伝説モンビット","seiryuu-densetsu-monbit","JP","CD",1991,"Hudson / ハドソン"
"Serei Senshi Spriggan / 精霊戦士SPRIGGAN","serei-senshi-spriggan","JP","CD",1991,"naxat/Compile / ナグザット/コンパイル"
"Shanghai II / 上海II","shanghai-ii","JP","CD",1990,"Hudson/Alfa System / ハドソン/アルファ・システム"
"Space Adventure Cobra / SPACE ADVENTURE コブラ ―黒竜王の伝説―","space-adventure-cobra","JP","CD",1989,"Hudson / ハドソン"
"Space Adventure Cobra II / SPACE ADVENTURE コブラII ―伝説の男―","space-adventure-cobra-ii","JP","CD",1991,"Hudson / ハドソン"
"Super Albatross / SUPERアルバトロス","super-albatross","JP","CD",1989,"Laser Soft, Telenet Japan / レーザーソフト, 日本テレネット"
"Super Darius / スーパーダライアス","super-darius","JP","CD",1990,"NEC Avenue/Taito / NECアベニュー/タイトー"
"Tengai Makyou - Far East Of Eden - Ziria / 天外魔境 ZIRIA","tengai-makyou-far-east-of-eden-ziria","JP","CD",1989,"Hudson / ハドソン"
"The Manhole / マンホール","the-manhole","JP","CD",1991,"Sunsoft (Sun Electronics)/Activision / サンソフト（サン電子）/アクティビジョン"
"Urusei Yatsura - Stay with you / うる星やつら ☆STAY WITH YOU☆","urusei-yatsura-stay-with-you","JP","CD",1990,"Hudson / ハドソン"
"Urusei Yatsura - Stay with you & Hudson CD-ROM² / うる星やつら ☆STAY WITH YOU☆& ハドソンCD-ROM²音楽全集","urusei-yatsura-stay-with-you-&-hudson-cd-rom²","JP","CD",1990,"Hudson / ハドソン"
"Valis II -  The Fantasm Soldier / ヴァリスII THE FANTASM SOLDIER","valis-ii--the-fantasm-soldier","JP","CD",1989,"Laser Soft, Telenet Japan / レーザーソフト, 日本テレネット"
"Valis III - The Fantasm Soldier / ヴァリスIII THE FANTASM SOLDIER","valis-iii-the-fantasm-soldier","JP","CD",1990,"Laser Soft, Telenet Japan / レーザーソフト, 日本テレネット"
"Valis IV - The Fantasm Soldier / ヴァリスIV THE FANTASM SOLDIER","valis-iv-the-fantasm-soldier","JP","CD",1991,"Laser Soft, Telenet Japan / レーザーソフト, 日本テレネット"
"Where In The World Is Carmen Sandiego ? / カルメンサンディエゴを追え！ 世界編","where-in-the-world-is-carmen-sandiego-?","JP","CD",1990,"Pack-In-Video / パック・イン・ビデオ"
"Wonder Boy III - Monster Lair / ワンダーボーイIII モンスター・レアー","wonder-boy-iii-monster-lair","JP","CD",1989,"Hudson/Alfa System / ハドソン/アルファ・システム"
"Ys I & II - Ancient Ys Vanished / イースI・II","ys-i-&-ii-ancient-ys-vanished","JP","CD",1989,"Hudson/Alfa System/Falcom / ハドソン/アルファ・システム/日本ファルコム"
"Zero Wing / ゼロウイング","zero-wing","JP","CD",1992,"naxat/Toaplan / ナグザット/東亜プラン"
"3x3 Eyes / 3X3EYES ～三只眼燮成～ サザン アイズ","3x3-eyes","JP","SCD",1994,"NEC Home Electronics/Nihon Create / NECホームエレクトロニクス/日本クリエイト"
"Advanced V.G. / アドヴァンスド ヴァリアブル・ジオ","advanced-v.g.","JP","SCD",1994,"TGL (Technical Group Laboratory)/GIGA / テイジイエル/戯画"
"Ai Chouaniki / 愛・超兄貴","ai-chouaniki","JP","SCD",1995,"Masaya (NCS) / メサイヤ（日本コンピューターシステム）"
"Akumajou Dracula X - Chi No Rondo / 悪魔城ドラキュラX 血の輪廻","akumajou-dracula-x-chi-no-rondo","JP","SCD",1993,"Konami / コナミ"
"Ane-san / 姐 (あねさん)","ane-san","JP","SCD",1995,"NEC Avenue / NECアベニュー"
"Arunamu No Kiba Juuzokujuu Nishinto Densetsu / アルナムの牙 獣族十二神徒伝説","arunamu-no-kiba-juuzokujuu-nishinto-densetsu","JP","SCD",1994,"Right Stuff / ライトスタッフ"
"Asuka 120% Maxima Burning Fest. / あすか120％マキシマ BURNING Fest.","asuka-120%-maxima-burning-fest.","JP","SCD",1995,"NEC Avenue/Fill in Cafe, Family Soft / NECアベニュー/フィルインカフェ, ファミリーソフト"
"Atlas - The Renaissance Voyager / アトラス","atlas-the-renaissance-voyager","JP","SCD",1994,"Artdink / アートディンク"
"Aurora Quest - Otaku No Seiza - In Another World / オーロラクエスト おたくの星座 In Another World","aurora-quest-otaku-no-seiza-in-another-world","JP","SCD",1993,"Pack-In-Video / パック・イン・ビデオ"
"Babel / バベル","babel","JP","SCD",1992,"Laser Soft, Telenet Japan / レーザーソフト, 日本テレネット"
"Bakushou Yoshimoto Shinkigeki / 爆笑吉本新喜劇","bakushou-yoshimoto-shinkigeki","JP","SCD",1994,"Hudson / ハドソン"
"Basted / バステッド","basted","JP","SCD",1994,"NEC Avenue/AIC / NECアベニュー"
"Bishoujo Senshi Sailor Moon - Collection / 美少女戦士セーラームーン COLLECTION","bishoujo-senshi-sailor-moon-collection","JP","SCD",1994,"Banpresto / バンプレスト"
"Blood Gear / ブラッド・ギア","blood-gear","JP","SCD",1994,"Hudson / ハドソン"
"Bomberman '94 Taikenban / ボンバーマン'94 体験版","bomberman-'94-taikenban","JP","SCD",1993,"Hudson Soft"
"Brandish / ブランディッシュ","brandish","JP","SCD",1994,"NEC Home Electronics/Falcom / NECホームエレクトロニクス/日本ファルコム"
"Browning / ブロウニング","browning","JP","SCD",1992,"RIOT, Telenet Japan / ライオット, 日本テレネット"
"Burai II / ブライII 闇皇帝の逆襲","burai-ii","JP","SCD",1992,"Riverhill Soft / リバーヒルソフト"
"Cal II / キャルII","cal-ii","JP","SCD",1993,"NEC Avenue/Birdy Soft / NECアベニュー/バーディソフト"
"Cal III / CAL III 完結編","cal-iii","JP","SCD",1994,"NEC Avenue/Flight Plan/Birdy Soft / NECアベニュー/フライトプラン/バーディソフト"
"Chiki Chiki Boys / チキチキボーイズ","chiki-chiki-boys","JP","SCD",1994,"NEC Avenue/Flight Plan/Capcom / NECアベニュー/フライトプラン/カプコン"
"Chou Aniki / 超兄貴","chou-aniki","JP","SCD",1992,"Masaya (NCS) / メサイヤ（日本コンピューターシステム）"
"Choujikuuyousai Macross 2036 / 超時空要塞マクロス2036","choujikuuyousai-macross-2036","JP","SCD",1992,"Masaya (NCS)/Dual / メサイヤ（日本コンピューターシステム）/デュアル"
"Cosmic Fantasy 3 - Bouken Shounen Rei / コズミック・ファンタジー3 冒険少年レイ","cosmic-fantasy-3-bouken-shounen-rei","JP","SCD",1992,"Laser Soft, Telenet Japan / レーザーソフト, 日本テレネット"
"Cosmic Fantasy 4 / コズミック・ファンタジー4 銀河少年伝説 ―突入編― 伝説へのプレリュード","cosmic-fantasy-4-1","JP","SCD",1994,"Telenet Japan / 日本テレネット"
"Cosmic Fantasy 4 / コズミック・ファンタジー4 銀河少年伝説 ―激闘編― 光の宇宙の中で…","cosmic-fantasy-4-2","JP","SCD",1994,"Telenet Japan / 日本テレネット"
"Cotton / コットン","cotton","JP","SCD",1993,"Hudson / ハドソン"
"Daisenryaku II - Campaign Version / CAMPAIGN VERSION 大戦略II","daisenryaku-ii-campaign-version","JP","SCD",1992,"Micro Cabin/System Soft / マイクロキャビン/システムソフト"
"De Ja / デ・ジャ","de-ja","JP","SCD",1996,"NEC Interchannel/elf / NECインターチャネル/エルフ"
"Dead of the Brain 1 & 2 / デッド・オブ・ザ・ブレイン１＆２","dead-of-the-brain-1-&-2","JP","SCD",1999,"NEC Home Electronics/Fairytale (F&C) / NECホームエレクトロニクス/フェアリーテール（エフアンドシー）"
"Dennou Tenshi - Digital Angel / 電脳天使 ～デジタルアンジュ～","dennou-tenshi-digital-angel","JP","SCD",1994,"Tokuma Intermedia / 徳間インターメディア"
"Develo Magazine Vol. 1","develo-magazine-vol.-1","JP","SCD",,
"Double Dragon II - The Revenge / 双載龍 DOUBLE DRAGON II The Revenge","double-dragon-ii-the-revenge","JP","SCD",1993,"naxat/Technos Japan / ナグザット/テクノスジャパン"
"Doukyūsei / 同級生","doukyūsei","JP","SCD",1995,"NEC Avenue/Flight Plan/elf / NECアベニュー/フライトプラン/エルフ"
"Downtown Nekketsu Soreyuke Daiundoukai / ダウンタウン熱血行進曲 それゆけ大運動会","downtown-nekketsu-soreyuke-daiundoukai","JP","SCD",1992,"naxat/Technos Japan / ナグザット/テクノスジャパン"
"Dragon Ball Z / ドラゴンボールZ 偉大なる孫悟空伝説","dragon-ball-z","JP","SCD",1994,"BANDAI / バンダイ"
"Dragon Knight II / ドラゴンナイトII","dragon-knight-ii","JP","SCD",1992,"NEC Avenue/elf / NECアベニュー/エルフ"
"Dragon Knight III / ドラゴンナイトIII","dragon-knight-iii","JP","SCD",1994,"NEC Avenue/elf / NECアベニュー/エルフ"
"Dragon Slayer - The Legend Of Heroes II / ドラゴンスレイヤー英雄伝説II","dragon-slayer-the-legend-of-heroes-ii","JP","SCD",1992,"Hudson/Alfa System/Falcom / ハドソン/アルファ・システム/日本ファルコム"
"Dynastic Hero / 超英雄伝説ダイナスティックヒーロー","dynastic-hero","JP","SCD",1994,"Hudson/Alfa System/Westone / ハドソン/アルファ・システム/ウエストン"
"Emerald Dragon / エメラルドドラゴン","emerald-dragon","JP","SCD",1994,"NEC Home Electronics/Alfa System/Media Works, Glodia, Right Stuff / NECホームエレクトロニクス/アルファ・システム"
"Exile II - Janen No Jishou / エグザイルII ～邪念の事象～","exile-ii-janen-no-jishou","JP","SCD",1992,"RIOT, Telenet Japan/Alfa System / ライオット, 日本テレネット/アルファ・システム"
"Faceball / フェイスボール","faceball","JP","SCD",1993,"Riverhill Soft / リバーヒルソフト"
"Far the Earth No Jakoutei - Neo Metal Fantasy / ファージアスの邪皇帝 - Neo Metal Fantasy","far-the-earth-no-jakoutei-neo-metal-fantasy","JP","SCD",1992,"Human / ヒューマン"
"Faussete amour / フォーセットアムール","faussete-amour","JP","SCD",1993,"naxat / ナグザット"
"Flash Hiders / フラッシュハイダース","flash-hiders","JP","SCD",1993,"Right Stuff / ライトスタッフ"
"Fray CD - Xak Gaiden / フレイ CD ～Xak外伝～","fray-cd-xak-gaiden","JP","SCD",1994,"Micro Cabin / マイクロキャビン"
"Fushigi No Umi No Nadia - The Secret Of Blue Water / ふしぎの海のナディア","fushigi-no-umi-no-nadia-the-secret-of-blue-water","JP","SCD",1993,"Hudson / ハドソン"
"Future Boy Conan / 未来少年コナン","future-boy-conan","JP","SCD",1992,"RIOT, Telenet Japan / ライオット, 日本テレネット"
"Galaxy Fraulein Yuna HuVideo / 銀河お嬢様伝説ユナ HuVIDEO同梱再販版","galaxy-fraulein-yuna-huvideo","JP","SCD",1995,"Hudson/Red, will / ハドソン/レッド, ウィル"
"Galaxy Gayvan / GALAXYギャラクシーデカ 刑事 GAYVAN","galaxy-gayvan","JP","SCD",1993,"Intec / インテック"
"Go! Go! Birdie Chance / Go！Go！バーディーチャンス","go!-go!-birdie-chance","JP","SCD",1996,"NEC Home Electronics/HuneX / NECホームエレクトロニクス/ヒューネックス"
"God Panic / ゴッドパニック 至上最強軍団","god-panic","JP","SCD",1992,"Teichiku / テイチク"
"Gotzendiener / ゲッツェンディーナー","gotzendiener","JP","SCD",1994,"NEC Home Electronics, Gainax / NECホームエレクトロニクス, ガイナックス"
"Gradius II - Gofer No Yabou / グラディウスII ゴーファーの野望","gradius-ii-gofer-no-yabou","JP","SCD",1992,"Konami / コナミ"
"Gulliver Boy / 空想科学世界ガリバーボーイ","gulliver-boy","JP","SCD",1995,"Hudson / ハドソン"
"Hatsukoi Monogatari / 初恋物語","hatsukoi-monogatari","JP","SCD",1994,"Tokuma Intermedia / 徳間インターメディア"
"Hi-Leg Fantasy","hi-leg-fantasy","JP","SCD",,
"Horror Story / ホラーストーリー","horror-story","JP","SCD",1993,"NEC Avenue/Toaplan / NECアベニュー/東亜プラン"
"Hyper Wars / ハイパーウォーズ","hyper-wars","JP","SCD",1994,"Hudson/will / ハドソン/ウィル"
"Iga Ninden Gaou / 伊賀忍伝 凱王","iga-ninden-gaou","JP","SCD",1993,"Nihon Bussan (Nichibutsu)/Cream / 日本物産（ニチブツ）"
"Image Fight II / イメージファイトII","image-fight-ii","JP","SCD",1992,"Irem / アイレム"
"Inoue Mami - Kono Hoshi Ni Tatta Hitori No Kimi / 井上麻美 この星にたったひとりのキミ","inoue-mami-kono-hoshi-ni-tatta-hitori-no-kimi","JP","SCD",1992,"Hudson / ハドソン"
"J-League Tremendous Soccer '94 / Jリーグ トリメンダスサッカー'94","j-league-tremendous-soccer-'94","JP","SCD",1994,"NEC Home Electronics/HuneX / NECホームエレクトロニクス/ヒューネックス"
"Kabuki den demo ??? / Kabuki den demo ???","kabuki-den-demo-???","JP","SCD",,"Hudson"
"Kakutou Haou Densetsu Algunos / 格闘覇王伝説アルガノス","kakutou-haou-densetsu-algunos","JP","SCD",1994,"Intec / インテック"
"Kaze Kiri / 風霧","kaze-kiri","JP","SCD",1994,"naxat / ナグザット"
"Kaze No Densetsu Xanadu / 風の伝説ザナドゥ","kaze-no-densetsu-xanadu","JP","SCD",1994,"NEC Home Electronics/Falcom / NECホームエレクトロニクス/日本ファルコム"
"Kaze No Densetsu Xanadu II / 風の伝説ザナドゥII","kaze-no-densetsu-xanadu-ii","JP","SCD",1995,"Falcom / 日本ファルコム"
"Laplace no Ma / ラプラスの魔","laplace-no-ma","JP","SCD",1993,"Human/Humming Bird Soft / ヒューマン/ハミングバードソフト"
"Lemmings / レミングス","lemmings","JP","SCD",1992,"Sunsoft (Sun Electronics)/Psygnosis / サンソフト（サン電子）"
"Linda 3 / リンダキューブ","linda-3","JP","SCD",1995,"NEC Home Electronics/Alfa System / NECホームエレクトロニクス/アルファ・システム"
"Magicoal / マジクール","magicoal","JP","SCD",1993,"NEC Home Electronics/HuneX / NECホームエレクトロニクス/ヒューネックス"
"Mahjong Lemon Angel / マージャン（麻雀）レモンエンジェル","mahjong-lemon-angel","JP","SCD",1994,"naxat/Home Data/Fairy Dust / ナグザット/ホームデータ/フェアリーダスト"
"Mahjong Sword Princess Quest Gaiden / MAHJONG SWORD プリンセスクエスト外伝","mahjong-sword-princess-quest-gaiden","JP","SCD",1995,"naxat / ナグザット"
"Martial Champion / マーシャル・チャンピオン","martial-champion","JP","SCD",1993,"Konami / コナミ"
"Megami Paradise / 女神天国","megami-paradise","JP","SCD",1994,"NEC Home Electronics / NECホームエレクトロニクス"
"Metamor Jupiter / メタモ ジュピター","metamor-jupiter","JP","SCD",1993,"NEC Home Electronics/Flight Plan / NECホームエレクトロニクス/フライトプラン"
"Monster Maker / モンスターメーカー 闇の竜騎士","monster-maker","JP","SCD",1994,"NEC Avenue / NECアベニュー"
"Moon Light Lady / ムーンライトレディ","moon-light-lady","JP","SCD",1993,"NEC Home Electronics / NECホームエレクトロニクス"
"Motteke Tamago / もってけたまご","motteke-tamago","JP","SCD",1997,"Tokuma Intermedia, naxat / 徳間インターメディア, ナグザット"
"Mystic Formula / ミスティックフォーミュラ","mystic-formula","JP","SCD",1993,"Micro Cabin / マイクロキャビン"
"Nexzr / ネクスザール","nexzr","JP","SCD",1992,"naxat / ナグザット"
"Pachio-kun 3 - Pachislot & Pachinko / パチ夫くん3 パチスロ＆パチンコ","pachio-kun-3-pachislot-&-pachinko","JP","SCD",1994,"Coconuts Japan, GX Media / ココナッツジャパン, GXメディア"
"Pachio-kun Warau Uchuu / パチ夫くん 笑う宇宙","pachio-kun-warau-uchuu","JP","SCD",1992,"Coconuts Japan / ココナッツジャパン"
"Pastel Lime / パステル ライム","pastel-lime","JP","SCD",1992,"naxat / ナグザット"
"PCEngine Fan Special CD-Rom Volume 1","pcengine-fan-special-cd-rom-volume-1","JP","SCD",,
"Pop'n Magic / ぽっぷ'ｎまじっく","pop'n-magic","JP","SCD",1992,"RIOT, Telenet Japan / ライオット, 日本テレネット"
"Popful Mail - Magical Fantasy Adventure / ぽっぷるメイル","popful-mail-magical-fantasy-adventure","JP","SCD",1994,"NEC Home Electronics/HuneX/Falcom / NECホームエレクトロニクス/ヒューネックス/日本ファルコム"
"Populous - The Promised Lands / ポピュラス ザ・プロミストランド","populous-the-promised-lands","JP","SCD",1991,"Hudson/Alfa System, Bullfrog/Electronic Arts / ハドソン/アルファ・システム"
"Power Golf 2 - Golfer / パワーゴルフ2 ゴルファー","power-golf-2-golfer","JP","SCD",1994,"Hudson / ハドソン"
"Princess Maker 2 / プリンセスメーカー2","princess-maker-2","JP","SCD",1995,"NEC Home Electronics/Micro Cabin/Gainax / NECホームエレクトロニクス/マイクロキャビン/ガイナックス"
"Princess Minerva / プリンセス・ミネルバ","princess-minerva","JP","SCD",1994,"Riverhill Soft / リバーヒルソフト"
"Psychic Detective Series Vol. 3 - Aya / サイキック・ディテクティブ・シリーズ Vol.3 AYA","psychic-detective-series-vol.-3-aya","JP","SCD",1992,"Data West / データウエスト"
"Psychic Storm / サイキック・ストーム","psychic-storm","JP","SCD",1992,"Laser Soft, Telenet Japan/Alfa System / レーザーソフト, 日本テレネット/アルファ・システム"
"Quiz Avenue III / クイズアベニューIII","quiz-avenue-iii","JP","SCD",1994,"NEC Avenue / NECアベニュー"
"Rayxanber III / ライザンバーIII","rayxanber-iii","JP","SCD",1992,"Data East / データイースト"
"Record of Lodoss War II / ロードス島戦記II","record-of-lodoss-war-ii","JP","SCD",1994,"Hudson / ハドソン"
"Renny Blaster / レニーブラスター","renny-blaster","JP","SCD",1995,"NEC Avenue / NECアベニュー"
"Seiya Monogatari / Anearth Fantasy Stories / 聖夜物語","anearth-fantasy-stories","JP","SCD",1995,"Hudson / ハドソン"
"Seiya Monogatari / Anearth Fantasy Stories Taikenban / 聖夜物語 体験版","anearth-fantasy-stories-taikenban","JP","SCD",1995,"Media Works / メディアワークス"
"Sexy Idol Mahjong / セクシーアイドル麻雀","sexy-idol-mahjong","JP","SCD",1993,"Nihon Bussan (Nichibutsu)/Cream / 日本物産（ニチブツ）"
"Snatcher Pilot Disk / スナッチャー パイロット盤","snatcher-pilot-disk","JP","SCD",1992,"Konami / コナミ"
"Solid Force / ソリッドフォース","solid-force","JP","SCD",1995,"NEC Home Electronics/Kogado Studio / NECホームエレクトロニクス/工画堂スタジオ"
"Sorcerian / ソーサリアン","sorcerian","JP","SCD",1992,"Victor Musical Industries/Falcom / ビクター音楽産業/日本ファルコム"
"Sotsugyou II - Neo Generation / 卒業II Neo Generation","sotsugyou-ii-neo-generation","JP","SCD",1994,"Riverhill Soft/Head Room, Tenky / リバーヒルソフト/ヘッドルーム, テンキー"
"Sotsugyou Shashin Miki / 卒業写真 美姫","sotsugyou-shashin-miki","JP","SCD",1994,"Coconuts Japan, GX Media/Cocktail Soft / ココナッツジャパン, GXメディア/カクテルソフト"
"Spriggan Mark 2 - Re Terraform Project / スプリガンmark2 リ・テラフォーム・プロジェクト","spriggan-mark-2-re-terraform-project","JP","SCD",1992,"naxat/Compile / ナグザット/コンパイル"
"Star Breaker / スターブレイカー","star-breaker","JP","SCD",1994,"RayForce / レイ・フォース"
"Star Of Quiz / クイズの星","star-of-quiz","JP","SCD",1992,"Sunsoft (Sun Electronics) / サンソフト（サン電子）"
"Star Parodier /  スター パロジャー","star-parodier","JP","SCD",1992,"Hudson / ハドソン"
"Startling Odyssey / スタートリングオデッセイ","startling-odyssey","JP","SCD",1993,"RayForce / レイ・フォース"
"Startling Odyssey II / スタートリングオデッセイ II 魔竜戦争","startling-odyssey-ii","JP","SCD",1994,"RayForce / レイ・フォース"
"Steam Heart's / スチーム・ハーツ","steam-heart's","JP","SCD",1996,"TGL (Technical Group Laboratory) / テイジイエル"
"Summer Carnival '93 Nexzr Special / Summer Carnival '93 ネクスザールスペシャル","summer-carnival-'93-nexzr-special","JP","SCD",1993,"naxat / ナグザット"
"Super CD-ROM Taiken Soft Shuu / SUPER CD-ROM 体験ソフト集","super-cd-rom-taiken-soft-shuu","JP","SCD",1991,"Hudson/Red, Falcom / ハドソン/レッド, 日本ファルコム"
"Super Darius II / スーパーダライアスII","super-darius-ii","JP","SCD",1993,"NEC Avenue/Taito / NECアベニュー/タイトー"
"Super Real Mahjong P IV Custom / スーパーリアル麻雀P IV カスタム","super-real-mahjong-p-iv-custom","JP","SCD",1993,"naxat/Seta / ナグザット/セタ"
"Sword Master / ソードマスター","sword-master","JP","SCD",1993,"Right Stuff / ライトスタッフ"
"Sylphia / シルフィア","sylphia","JP","SCD",1993,"Tonkinhouse / トンキンハウス"
"Take The 'A' Train III / A. III A列車で行こうIII","take-the-'a'-train-iii","JP","SCD",1993,"Artdink / アートディンク"
"Tenchi Muyo! / 天地無用！ 魎皇鬼","tenchi-muyo!","JP","SCD",1995,"NEC Avenue / NECアベニュー"
"Tenchi O Kurau / 天地を喰らう","tenchi-o-kurau","JP","SCD",1994,"NEC Avenue/Capcom / NECアベニュー/カプコン"
"Tengai Makyou - Deden No Den Kabuki / 天外魔境 電々の伝 カブキ","tengai-makyou-deden-no-den-kabuki","JP","SCD",1994,"RED"
"Tengai Makyou - Far East Of Eden - Kabuki Den / 天外魔境 風雲カブキ伝","tengai-makyou-far-east-of-eden-kabuki-den","JP","SCD",1993,"Hudson/Red / ハドソン/レッド"
"Tengai Makyou - Far East of Eden - Ziria Promo / 天外魔境 ZIRIA  非売品","tengai-makyou-far-east-of-eden-ziria-promo","JP","SCD",1992,"Hudson / ハドソン"
"Tengai Makyou II - Far East Of Eden - Maru / 天外魔境II 卍MARU","tengai-makyou-ii-far-east-of-eden-maru","JP","SCD",1992,"Hudson/Red, Alfa System / ハドソン/レッド, アルファ・システム"
"Tenshi No Uta / 天使の詩","tenshi-no-uta","JP","SCD",1991,"RIOT, Telenet Japan / ライオット, 日本テレネット"
"Tenshi no Uta II - Datenshi No Sentaku / 天使の詩II 堕天使の選択","tenshi-no-uta-ii-datenshi-no-sentaku","JP","SCD",1993,"RIOT, Telenet Japan / ライオット, 日本テレネット"
"Terraforming / テラフォーミング","terraforming","JP","SCD",1992,"Right Stuff / ライトスタッフ"
"Tokimeki Memorial / ときめきメモリアル","tokimeki-memorial","JP","SCD",1994,"Konami / コナミ"
"Top wo Nerae! Gunbuster Vol. 1 / トップをねらえ！ Gun Buster VOL.1","top-wo-nerae!-gunbuster-vol.-1","JP","SCD",1992,"Riverhill Soft / リバーヒルソフト"
"Top wo Nerae! Gunbuster Vol. 2 / トップをねらえ！ GunBuster VOL.2","top-wo-nerae!-gunbuster-vol.-2","JP","SCD",1993,"Riverhill Soft / リバーヒルソフト"
"Travel Epuru / TRAVEL エプル","travel-epuru","JP","SCD",1992,"RIOT, Telenet Japan / ライオット, 日本テレネット"
"Valis - The Legend Of A Fantasm Soldier / 夢幻戦士ヴァリス","valis-the-legend-of-a-fantasm-soldier","JP","SCD",1992,"RIOT, Telenet Japan / ライオット, 日本テレネット"
"Vasteel 2 / バスティール2","vasteel-2","JP","SCD",1994,"Human/HuneX / ヒューマン/ヒューネックス"
"Virgin Dream / ヴァージン・ドリーム","virgin-dream","JP","SCD",1996,"Tokuma Intermedia / 徳間インターメディア"
"Wizardry III & IV - Legacy Of Llylgamyn / The Return Of Werdna / ウィザードリィIII・IV","wizardry-iii-&-iv-legacy-of-llylgamyn","JP","SCD",1994,"naxat/Sir-Tech / ナグザット"
"Wizardry V - Heart Of The Maelstrom / ウィザードリィV","wizardry-v-heart-of-the-maelstrom","JP","SCD",1992,"naxat/Sir-Tech / ナグザット"
"Xak I & II / サークI・II","xak-i-&-ii","JP","SCD",1992,"RIOT, Telenet Japan/Micro Cabin / ライオット, 日本テレネット/マイクロキャビン"
"Xak III - The Eternal Recurrence / サークIII","xak-iii-the-eternal-recurrence","JP","SCD",1994,"NEC Home Electronics/Micro Cabin / NECホームエレクトロニクス/マイクロキャビン"
"Yami No Ketsuzoku Haru Kanaru Kioku / 闇の血族 遥かなる記憶","yami-no-ketsuzoku-haru-kanaru-kioku","JP","SCD",1993,"naxat/System Sacom / ナグザット/システムサコム"
"Yawara! / ヤワラ","yawara!","JP","SCD",1992,"Sofix/Hudson / ソフィックス/ハドソン"
"Yawara! 2 / ヤワラ2","yawara!-2","JP","SCD",1994,"SOFIX / ソフィックス"
"Ys IV - The Dawn Of Ys / イースIV -ザ・ドーン・オブ・イース-","ys-iv-the-dawn-of-ys","JP","SCD",1993,"Hudson/Falcom / ハドソン/日本ファルコム"
"Zero 4 Champ II / ゼロヨンチャンプII","zero-4-champ-ii","JP","SCD",1993,"Media Rings / メディアリング"
"Battlefield Wrestling '94 / 新日本プロレスリング'94 バトルフィールド IN 闘強導夢","battlefield-wrestling-'94","JP","ACD",1994,"Fujicom / フジコム"
"Garou Densetsu 2 - Aratanaru Tatakai - / 餓狼伝説2 ―新たなる闘い―","garou-densetsu-2-aratanaru-tatakai--","JP","ACD",1994,"Hudson/SNK / ハドソン/エス・エヌ・ケイ"
"Garou Densetsu Special / 餓狼伝説SPECIAL","garou-densetsu-special","JP","ACD",1994,"Hudson/SNK / ハドソン/エス・エヌ・ケイ"
"Ginga Fukei Densetsu Sapphire / 銀河婦警伝説サファイア","ginga-fukei-densetsu-sapphire","JP","ACD",1995,"Hudson / ハドソン"
"Janshin Densetsu - Quest of Jong Master / 雀神伝説 QUEST OF JONG MASTER","janshin-densetsu-quest-of-jong-master","JP","ACD",1995,"NEC Home Electronics / NECホームエレクトロニクス"
"Kabuki Itouryodan / カブキ一刀涼談","kabuki-itouryodan","JP","ACD",1995,"Hudson/Red / ハドソン/レッド"
"Mad Stalker - Full Metal Force / マッドストーカー フルメタルフォース","mad-stalker-full-metal-force","JP","ACD",1994,"NEC Home Electronics / NECホームエレクトロニクス"
"Ryūko No Ken / Art Of Fighting / 龍虎の拳","ryūko-no-ken","JP","ACD",1994,"Hudson/Alfa System/SNK / ハドソン/アルファ・システム/エス・エヌ・ケイ"
"Madou Granzort / 魔動王グランゾート","madou-granzort","JP","SHu",1990,"Hudson / ハドソン"
"Aero Blasters","aero-blasters","US","Hu",1990,"Hudson Soft/Nec / Inter State/Kaneko"
"Air Zonk","air-zonk","US","Hu",1992,"Nec / Hudson Soft/Red"
"Alien Crush","alien-crush-us","US","Hu",1989,"Nec / Hudson Soft"
"Ballistix","ballistix-us","US","Hu",1991,"Nec / Psygnosis"
"Battle Royale","battle-royale","US","Hu",1990,"Nec / Incredible Technologies"
"Blazing Lazers","blazing-lazers","US","Hu",1989,"Nec / Hudson Soft/Toho/Sunrise"
"Bloody Wolf","bloody-wolf-us","US","Hu",1990,"Nec / Data East"
"Bomberman","bomberman-us","US","Hu",1991,"Nec / Hudson Soft"
"Bomberman '93","bomberman-'93-us","US","Hu",1993,"Hudson Soft"
"Bonk's Adventure","bonk's-adventure","US","Hu",1990,"Nec / Hudson Soft/Red/Atlus"
"Bonk's Big Adventure","bonk's-big-adventure","US","Hu",1993,"Nec / Hudson Soft/Red"
"Bonk's Revenge","bonk's-revenge","US","Hu",1991,"Nec / Hudson Soft/Red"
"Boxy Boy","boxy-boy","US","Hu",1990,"Nec / Media Rings/Thinking Rabbits"
"Bravoman","bravoman","US","Hu",1990,"Nec / Namco"
"Cadash","cadash-us","US","Hu",1991,"Taito"
"Champions Forever Boxing","champions-forever-boxing","US","Hu",1991,"Nec"
"Chase HQ","chase-hq","US","Hu",1992,"Taito"
"China Warrior","china-warrior","US","Hu",1989,"NEC / Hudson Soft"
"Cratermaze","cratermaze","US","Hu",1990,"Nec / Hudson Soft"
"Cyber Core","cyber-core-us","US","Hu",1990,"Nec / IGS"
"Darkwing Duck","darkwing-duck","US","Hu",1992,"Turbo Technologies / Walt Disney"
"Dead Moon","dead-moon-us","US","Hu",1991,"Natsume"
"Deep Blue","deep-blue-us","US","Hu",1989,"Nec / Pac-In-Video"
"Devil's Crush","devil's-crush","US","Hu",1990,"Nec / Naxat Soft/Red"
"Double Dungeons","double-dungeons-us","US","Hu",1990,"Nec / NCS"
"Dragon Spirit","dragon-spirit-us","US","Hu",1989,"Nec / Namco"
"Dragon's Curse","dragon's-curse","US","Hu",1990,"Nec / Hudson Soft"
"Drop Off","drop-off","US","Hu",1990,"Nec / Data East"
"Dungeon Explorer","dungeon-explorer-us","US","Hu",1989,"Nec / Hudson Soft/Atlus"
"Falcon","falcon","US","Hu",1992,"Spectrum Holobyte"
"Final Lap Twin","final-lap-twin-us","US","Hu",1989,"Nec / Namco"
"Galaga '90","galaga-'90","US","Hu",1989,"Nec / Namco"
"Ghost Manor","ghost-manor","US","Hu",1992,"Turbo Technologies / Icom"
"Hit The Ice","hit-the-ice-us","US","Hu",1992,"Nec / Taito/Williams"
"Impossamole","impossamole","US","Hu",1991,"Nec / Gremlin Graphics"
"J.J. & Jeff","j.j.-&-jeff","US","Hu",1990,"Nec / Hudson Soft"
"Jackie Chan Action Kung Fu","jackie-chan-action-kung-fu","US","Hu",1992,"Hudson Soft"
"Keith Courage In Alpha Zones","keith-courage-in-alpha-zones","US","Hu",1989,"Nec / Hudson Soft"
"King Of Casino","king-of-casino-us","US","Hu",1990,"Victor / Algorithm Institute"
"Klax","klax-us","US","Hu",1990,"Tengen"
"Legend Of Hero Tonma","legend-of-hero-tonma-us","US","Hu",1993,"Irem"
"Military Madness","military-madness","US","Hu",1989,"Nec / Hudson Soft"
"Moto Roader","moto-roader-us","US","Hu",1989,"Nec / NCS"
"Neutopia","neutopia","US","Hu",1990,"Nec / Hudson Soft"
"Neutopia 2","neutopia-2","US","Hu",1992,"Nec / Hudson Soft"
"New Adventure Island","new-adventure-island","US","Hu",1992,"Turbo Technologies / Hudson Soft"
"Night Creatures","night-creatures","US","Hu",1992,"Nec / Manley Associates"
"Ninja Spirit","ninja-spirit","US","Hu",1990,"Nec / Irem"
"Order Of The Griffon","order-of-the-griffon","US","Hu",1992,"Turbo Technologies / WestWood/TSR"
"Ordyne","ordyne-us","US","Hu",1989,"Nec / Namco"
"Pac Land","pac-land-us","US","Hu",1989,"Nec / Namco"
"Parasol Stars","parasol-stars","US","Hu",1991,"Working Designs / Taito"
"Power Golf","power-golf-us","US","Hu",1989,"Nec / Hudson Soft"
"Psychosis","psychosis","US","Hu",1990,"Nec / Naxat Soft"
"R-Type","r-type","US","Hu",1989,"Nec / Irem"
"Raiden","raiden-us","US","Hu",1991,"Nec / Hudson Soft/Seibu Kaihatsu"
"Samurai Ghost","samurai-ghost","US","Hu",1992,"Namco"
"Shockman","shockman","US","Hu",1992,"NCS"
"Sidearms","sidearms","US","Hu",1989,"Radiance / Capcom"
"Silent Debuggers","silent-debuggers-us","US","Hu",1991,"Nec / Data East"
"Sinistron","sinistron","US","Hu",1991,"IGS"
"Soldier Blade","soldier-blade-us","US","Hu",1992,"Hudson Soft"
"Somer Assault","somer-assault","US","Hu",1992,"Atlus"
"Sonic Spike","sonic-spike","US","Hu",1990,"IGS"
"Splatterhouse","splatterhouse-us","US","Hu",1990,"Namco"
"Super Star Soldier","super-star-soldier-us","US","Hu",1991,"Nec / Hudson Soft"
"Super Volley Ball","super-volley-ball-us","US","Hu",1990,"Nec / Video Systems"
"Takin' It To The Hoop","takin'-it-to-the-hoop","US","Hu",1989,"Nec / Aicom"
"Tale Spin","tale-spin","US","Hu",1991,"Nec / Disney"
"The Legendary Axe","the-legendary-axe","US","Hu",1989,"Nec / Victor Musical Industries"
"The Legendary Axe II","the-legendary-axe-ii","US","Hu",1990,"Nec / Victor/Red/Atlus"
"Time Cruise","time-cruise","US","Hu",1992,"Face"
"Tricky Kick","tricky-kick","US","Hu",1990,"IGS"
"Turbografx CD ver.2.0","turbografx-cd-ver.2.0","US","Hu",,"Nec Home Electronics / Hudson Soft"
"Turrican","turrican","US","Hu",1991,"Accolade"
"TV Sports Football","tv-sports-football-us","US","Hu",1990,"Nec / Cinemaware"
"Veigues Tactical Gladiator","veigues-tactical-gladiator-us","US","Hu",1990,"Nec / Victor/Game Arts"
"Victory Run","victory-run-us","US","Hu",1989,"Nec / Hudson Soft"
"Vigilante","vigilante-us","US","Hu",1989,"Nec / Irem"
"World Class Baseball","world-class-baseball","US","Hu",1989,"Nec / Hudson Soft"
"World Sports Competition","world-sports-competition","US","Hu",1992,"Hudson Soft"
"Yo, Bro","yo,-bro","US","Hu",1991,"Nec / Camp California"
"Buster Brothers","buster-brothers","US","CD",,
"Cosmic Fantasy 2","cosmic-fantasy-2","US","CD",,
"Exile","exile","US","CD",1992,
"Fighting Street","fighting-street-us","US","CD",1989,
"Final Zone 2","final-zone-2","US","CD",,
"It Came from the Desert","it-came-from-the-desert","US","CD",,
"J.B. Harold Murder Club","j.b.-harold-murder-club","US","CD",,
"Jack Nicklaus Turbo Golf","jack-nicklaus-turbo-golf","US","CD",,
"Last Alert","last-alert","US","CD",,
"Lords Of The Rising Sun","lords-of-the-rising-sun","US","CD",,
"Magical Dinosaur Tour","magical-dinosaur-tour","US","CD",,
"Monster Lair","monster-lair","US","CD",,
"Sherlock Holmes Vol.1","sherlock-holmes-vol.1","US","CD",,
"Splash Lake","splash-lake-us","US","CD",,
"The Addams Family","the-addams-family","US","CD",,
"Valis 2","valis-2","US","CD",,
"Valis 3","valis-3","US","CD",,
"Vasteel","vasteel-us","US","CD",,
"Ys - Book I & II","ys-book-i-&-ii","US","CD",,
"Ys 3 - Wanderers From Ys","ys-3-wanderers-from-ys","US","CD",,
"Beyond Shadowgate","beyond-shadowgate","US","SCD",,
"Camp California","camp-california","US","SCD",,
"Cotton","cotton-us","US","SCD",,
"Dragon Slayer: Legend of Heroes","dragon-slayer:-legend-of-heroes","US","SCD",,
"Dungeon Explorer 2","dungeon-explorer-2","US","SCD",1993,
"Dungeon Master","dungeon-master","US","SCD",1993,
"Dynastic Hero","dynastic-hero-us","US","SCD",,
"Exile: Wicked Phenomenon","exile:-wicked-phenomenon","US","SCD",1993,
"Forgotten Worlds","forgotten-worlds-us","US","SCD",,
"Gate Of Thunder","gate-of-thunder-us","US","SCD",,
"Godzilla","godzilla","US","SCD",,
"John Madden DUO CD Football","john-madden-duo-cd-football","US","SCD",,
"Loom","loom-us","US","SCD",,
"Lords Of Thunder","lords-of-thunder","US","SCD",,
"Might And Magic 3","might-and-magic-3","US","SCD",,
"Prince Of Persia","prince-of-persia-us","US","SCD",,
"Riot Zone","riot-zone","US","SCD",,
"Shadow Of The Beast","shadow-of-the-beast-us","US","SCD",,
"Shape Shifter","shape-shifter","US","SCD",,
"Sim Earth","sim-earth","US","SCD",,
"Super Air Zonk","super-air-zonk","US","SCD",,
"1943 Kai / 1943改","1943-kai","JP","Hu",1991,"naxat/Capcom / ナグザット/カプコン"
"21 Emon Mezase! Hotel Oh / 21エモン めざせ！ホテル王","21-emon-mezase!-hotel-oh","JP","Hu",1994,"NEC Home Electronics / NECホームエレクトロニクス"
"Adventure Island / アドベンチャーアイランド","adventure-island","JP","Hu",1991,"Hudson / ハドソン"
"Aero Blaster / エアロブラスターズ","aero-blaster","JP","Hu",1990,"Hudson/Inter State/Kaneko / ハドソン/インターステート/カネコ"
"After Burner II / アフターバーナーII","after-burner-ii","JP","Hu",1990,"NEC Avenue/Sega / NECアベニュー/セガ"
"Alien Crush / エイリアンクラッシュ","alien-crush","JP","Hu",1988,"naxat / ナグザット"
"Ankoku Densetsu / 暗黒伝説","ankoku-densetsu","JP","Hu",1990,"Victor Musical Industries/Atlus, Red / ビクター音楽産業/アトラス, レッド"
"Aoi Blink / Blue Blink / 青いブリンク""","aoi-blink","JP","Hu",1990,"Hudson / ハドソン"
"Appare! Gateball / あっぱれ！ゲートボール","appare!-gateball","JP","Hu",1988,"Hudson/Azuma / ハドソン"
"Arcade Card Pro / アーケードカードPRO","arcade-card-pro","JP","Hu",1994,"NEC Home Electronics / NECホームエレクトロニクス"
"Artist Tool / アーティストツール","artist-tool","JP","Hu",1989,"NEC Home Electronics/Hudson / NECホームエレクトロニクス/ハドソン"
"Atomic Robo-Kid Special / アトミックロボキッド スペシャル","atomic-robo-kid-special","JP","Hu",1990,"UPL / ユーピーエル"
"Ballistix / バリスティックス","ballistix","JP","Hu",1991,"Coconuts Japan/Psygnosis / ココナッツジャパン"
"Bari Bari Densetsu / バリバリ伝説","bari-bari-densetsu","JP","Hu",1989,"Taito/Section KZM Team / タイトー"
"Barunba / バルンバ","barunba","JP","Hu",1990,"Namcot/ZAP / ナムコ/ザップ"
"Batman / バットマン","batman","JP","Hu",1990,"Sunsoft (Sun Electronics) / サンソフト（サン電子）"
"Battle Lode Runner / バトルロードランナー","battle-lode-runner","JP","Hu",1993,"Hudson/Broderbund Software / ハドソン/ブロダーバンド"
"Be Ball / ビーボール","be-ball","JP","Hu",1990,"Hudson / ハドソン"
"Benkei Gaiden / 弁慶－外伝－","benkei-gaiden","JP","Hu",1989,"Sunsoft (Sun Electronics) / サンソフト（サン電子）"
"Blodia / ブロディア","blodia","JP","Hu",1990,"Hudson/Broderbund Japan / ハドソン/ブロダーバンド"
"Bloody Wolf / ならずもの戦闘部隊 BLOODY WOLF","bloody-wolf","JP","Hu",1989,"Data East / データイースト"
"Bomberman / ボンバーマン","bomberman","JP","Hu",1990,"Hudson / ハドソン"
"Bomberman '93 / ボンバーマン'93","bomberman-'93","JP","Hu",1992,"Hudson / ハドソン"
"Bomberman Users Battle / ボンバーマン　ユーザーズバトル","bomberman-users-battle","JP","Hu",1990,"Hudson Soft"
"Bouken Danshaku Don - The Lost Sunheart / 冒険男爵ドン サン＝ハート編 THE LOST SUNHEART","bouken-danshaku-don-the-lost-sunheart","JP","Hu",1992,"I'Max / アイマックス"
"Break In / ブレイク・イン","break-in","JP","Hu",1989,"naxat / ナグザット"
"Bull Fight / ブルファイト リングの覇者","bull-fight","JP","Hu",1989,"Cream / クリーム"
"Champion Wrestler / チャンピオン・レスラー","champion-wrestler","JP","Hu",1990,"Taito / タイトー"
"Chibi Maruko-chan - Quiz De Piihyara / ちびまる子ちゃん クイズでピーヒャラ","chibi-maruko-chan-quiz-de-piihyara","JP","Hu",1992,"Namcot / ナムコ"
"Chikudenya Toubee / 逐電屋 藤兵衛 BIT2の首斬り館より","chikudenya-toubee","JP","Hu",1990,"naxat / ナグザット"
"Chouzetsu Rinjin Berabōman / 超絶倫人ベラボーマン","chouzetsu-rinjin-berabōman","JP","Hu",1990,"Namcot / ナムコ"
"Circus Lido / サーカスライド","circus-lido","JP","Hu",1991,"UNI Post/Planning System / ユニポスト"
"Columns / コラムス","columns","JP","Hu",1991,"Telenet Japan/Sega / 日本テレネット/セガ"
"Coryoon - Child Of Dragon / コリューン","coryoon-child-of-dragon","JP","Hu",1991,"naxat / ナグザット"
"Cross Wiber / クロスワイバー CYBER-COMBAT-POLICE","cross-wiber","JP","Hu",1990,"Face. / フェイス"
"Cyber Core / サイバーコア","cyber-core","JP","Hu",1990,"IGS (Information Global Service)/Alfa System / アイ・ジー・エス/アルファ・システム"
"Cyber Cross / 武装刑事サイバークロス","cyber-cross","JP","Hu",1989,"Face / フェイス"
"Cyber Dodge Ball / サイバードッジボール","cyber-dodge-ball","JP","Hu",1992,"Tonkinhouse / トンキンハウス"
"Cyber Knight / サイバーナイト","cyber-knight","JP","Hu",1990,"Tonkinhouse / トンキンハウス"
"Daichi-kun Crisis / 大地くんクライシス","daichi-kun-crisis","JP","Hu",1989,"Salio / サリオ"
"Dead Moon / DEAD MOON 「月世界の悪夢」","dead-moon","JP","Hu",1991,"T. S. S. / ティー・エス・エス"
"Deep Blue / ディープブルー・海底神話","deep-blue","JP","Hu",1989,"Pack-In-Video / パック・イン・ビデオ"
"Detana! TwinBee / 出たな！ツインビー","detana!-twinbee","JP","Hu",1992,"Konami / コナミ"
"Devil Crash - Naxat Pinball / デビルクラッシュ ナグザットピンボール","devil-crash-naxat-pinball","JP","Hu",1990,"naxat/Red / ナグザット/レッド"
"Die Hard / ダイハード","die-hard","JP","Hu",1990,"Pack-In-Video/Nihon Bussan/Activision / パック・イン・ビデオ/日本物産/アクティビジョン"
"Digital Champ Battle Boxing / デジタルチャンプ バトルボクシング","digital-champ-battle-boxing","JP","Hu",1989,"naxat / ナグザット"
"Doraemon - Nobita No Dorabian Night / ドラえもん のび太のドラビアンナイト","doraemon-nobita-no-dorabian-night","JP","Hu",1991,"Hudson / ハドソン"
"Double Dungeons / ダブルダンジョン","double-dungeons","JP","Hu",1989,"Masaya (NCS) / メサイヤ（日本コンピューターシステム）"
"Download / ダウンロード","download","JP","Hu",1990,"NEC Avenue/Alfa System / NECアベニュー/アルファ・システム"
"Dragon EGG! / どらごんEGG！","dragon-egg!","JP","Hu",1991,"Masaya (NCS)/Tenky / メサイヤ（日本コンピューターシステム）/テンキー"
"Dragon Saber / ドラゴンセイバー","dragon-saber","JP","Hu",1991,"Namcot / ナムコ"
"Dragon Spirit / ドラゴンスピリット","dragon-spirit","JP","Hu",1988,"Namcot / ナムコ"
"Drop Rock Hora Bora / ドロップロックほらホラ","drop-rock-hora-bora","JP","Hu",1990,"Data East / データイースト"
"Dungeon Explorer / ダンジョン エクスプローラー","dungeon-explorer","JP","Hu",1989,"Hudson/Atlus / ハドソン/アトラス"
"Eternal City / エターナルシティ都市転送計画","eternal-city","JP","Hu",1991,"naxat / ナグザット"
"F-1 Dream / F-1ドリーム","f-1-dream","JP","Hu",1989,"NEC Avenue/Capcom / NECアベニュー/カプコン"
"F1 Circus '92 - The Speed of Sound / エフワンサーカス'92 ザ・スピード・オブ・サウンド","f1-circus-'92-the-speed-of-sound","JP","Hu",1992,"Nihon Bussan (Nichibutsu) / 日本物産（ニチブツ）"
"F1 Triple Battle / F1トリプルバトル","f1-triple-battle","JP","Hu",1989,"Human / ヒューマン"
"Fantasy Zone / ファンタジーゾーン","fantasy-zone","JP","Hu",1988,"NEC Avenue/Sega / NECアベニュー/セガ"
"Fighting Run / ファイティングラン","fighting-run","JP","Hu",1991,"Nihon Bussan (Nichibutsu) / 日本物産（ニチブツ）"
"Final Blaster / ファイナルブラスター","final-blaster","JP","Hu",1990,"Namcot / ナムコ"
"Final Lap Twin / ファイナルラップ・ツイン","final-lap-twin","JP","Hu",1989,"Namcot / ナムコ"
"Final Soldier / ファイナルソルジャー","final-soldier","JP","Hu",1991,"Hudson / ハドソン"
"Final Soldier Special Version / ファイナルソルジャー スペシャルバージョン","final-soldier-special-version","JP","Hu",1991,"Hudson / ハドソン"
"Fire Pro Wrestling Combination Tag / ファイヤープロレスリング コンビネーションタッグ","fire-pro-wrestling-combination-tag","JP","Hu",1989,"Human / ヒューマン"
"Formation Armed F / アームドF","formation-armed-f","JP","Hu",1990,"Pack-In-Video/Nihon Bussan (Nichibutsu), Big Don / パック・イン・ビデオ/日本物産（ニチブツ）"
"Formation Soccer Human Cup '90 / フォーメーション・サッカー・ヒューマンカップ'90","formation-soccer-human-cup-'90","JP","Hu",1990,"Human / ヒューマン"
"Formation Soccer On J-League / フォーメーションサッカーオンJリーグ","formation-soccer-on-j-league","JP","Hu",1994,"Human / ヒューマン"
"Fushigi No Yume No Alice - Alice In Wonderland / 不思議の夢のアリス","fushigi-no-yume-no-alice-alice-in-wonderland","JP","Hu",1990,"Face / フェイス"
"Gaiflame / ガイフレーム","gaiflame","JP","Hu",1990,"Masaya (NCS) / メサイヤ（日本コンピューターシステム）"
"Galaga '88 / ギャラガ'88","galaga-'88","JP","Hu",1988,"Namcot / ナムコ"
"Gekisha Boy / 激写ボーイ","gekisha-boy","JP","Hu",1992,"Irem / アイレム"
"Genji Tsushin Agedama / ゲンジ通信 あげだま","genji-tsushin-agedama","JP","Hu",1991,"NEC Home Electronics / NECホームエレクトロニクス"
"Gokuraku! Chuuka Taisen / 極楽！中華大仙","gokuraku!-chuuka-taisen","JP","Hu",1992,"Taito / タイトー"
"Golf Boys / がんばれ！ゴルフボーイズ","golf-boys","JP","Hu",1989,"Masaya (NCS)/Dual / メサイヤ（日本コンピューターシステム）/デュアル"
"Gomola Speed / ゴモラスピード","gomola-speed","JP","Hu",1990,"UPL / ユーピーエル"
"Gunhed / ガンヘッド","gunhed","JP","Hu",1989,"Hudson / ハドソン"
"Gunhed Special Version / ガンへード スペシャルバージョン","gunhed-special-version","JP","Hu",1989,"Hudson / ハドソン"
"Hana Taaka Daka! / はなたーかだか！","hana-taaka-daka!","JP","Hu",1991,"Taito / タイトー"
"Hani In The Sky / はにい いんざ すかい","hani-in-the-sky","JP","Hu",1989,"Face / フェイス"
"Hani On The Road / はにい・おんざ・ろおど","hani-on-the-road","JP","Hu",1990,"Face/ARC / フェイス"
"Hatris / ハットリス","hatris","JP","Hu",1991,"Micro Cabin/BPS (Bullet-Proof Software) / マイクロキャビン"
"Heavy Unit / ヘビー・ユニット","heavy-unit","JP","Hu",1989,"Taito / タイトー"
"Hit The Ice / ヒット ジ アイス","hit-the-ice","JP","Hu",1991,"Taito/Williams Electronics Games / タイトー"
"Idol Hanafuda Fan Club","idol-hanafuda-fan-club","JP","Hu",,
"J-League Greatest Eleven / Jリーグ・グレイテストイレブン","j-league-greatest-eleven","JP","Hu",1993,"Nihon Bussan (Nichibutsu)/Cream / 日本物産（ニチブツ）/クリーム"
"Jack Nicklaus' Greatest 18 Holes Of Major Championship Golf / ジャックニクラウス・チャンピオンシップ・ゴルフ","jack-nicklaus'-greatest-18-holes-of-major-championship-golf","JP","Hu",1989,"Victor Musical Industries/Accolade / ビクター音楽産業"
"Jackie Chan / ジャッキーチェン （成龍）","jackie-chan","JP","Hu",1991,"Hudson / ハドソン"
"Jigoku Meguri / 地獄めぐり","jigoku-meguri","JP","Hu",1990,"Taito / タイトー"
"Jinmu Denshou / 神武伝承","jinmu-denshou","JP","Hu",1989,"Big Club/Wolf Team / ビッグクラブ/ウルフチーム"
"Jūouki / Altered Beast / 獣王記","jūouki","JP","Hu",1989,"NEC Avenue/Sega / NECアベニュー/セガ"
"Kaizou Choujin Shubibinman 2 - Aratanaru Teki / 改造町人シュビビンマン2 ―新たなる敵―","kaizou-choujin-shubibinman-2-aratanaru-teki","JP","Hu",1991,"Masaya (NCS) / メサイヤ（日本コンピューターシステム）"
"Kato chan & Ken chan / カトちゃんケンちゃん","kato-chan-&-ken-chan","JP","Hu",1987,"Hudson / ハドソン"
"Kattobi! Takuhai-kun / カットビ！宅配くん","kattobi!-takuhai-kun","JP","Hu",1990,"Tonkinhouse / トンキンハウス"
"Kick Ball / キックボール","kick-ball","JP","Hu",1990,"Masaya (NCS) / メサイヤ（日本コンピューターシステム）"
"Kikikaikai / 奇々怪界","kikikaikai","JP","Hu",1990,"Taito / タイトー"
"King of Casino / キング オブ カジノ","king-of-casino","JP","Hu",1990,"Victor Musical Industries/Algorithm Institue / ビクター音楽産業"
"Klax / クラックス","klax","JP","Hu",1990,"Tengen/Atari / テンゲン/アタリ"
"Kore ga Pro Baseball '89 / これがプロ野球'89","kore-ga-pro-baseball-'89","JP","Hu",1989,"Intec / インテック"
"Kore ga Pro Baseball '90 / これがプロ野球'90","kore-ga-pro-baseball-'90","JP","Hu",1990,"Intec / インテック"
"Kyūkyoku Mahjong Idol Graphics Vol 2 / 究極麻雀アイドルグラフィックス　Vol２","kyūkyoku-mahjong-idol-graphics-vol-2","JP","Hu",,
"Kyūkyoku Tiger / 究極タイガー","kyūkyoku-tiger","JP","Hu",1989,"Taito / タイトー"
"Legend Of Hero Tonma / レジェンド・オブ・ヒーロー・トンマ","legend-of-hero-tonma","JP","Hu",1991,"Irem / アイレム"
"Lode Runner Lost Labyrinth / ロードランナー 失われた迷宮","lode-runner-lost-labyrinth","JP","Hu",1990,"Pack-In-Video/Broderbund / パック・イン・ビデオ/ブロダーバンド"
"Magical Chase / マジカルチェイス","magical-chase","JP","Hu",1991,"Palsoft/Quest / パルソフト/クエスト"
"Mahjong Gakuen / 麻雀学園 東間宗四郎登場","mahjong-gakuen","JP","Hu",1989,"Face / フェイス"
"Mahjong Gakuen - Mild / 麻雀学園 MILD 東間宗四郎登場","mahjong-gakuen-mild","JP","Hu",1990,"Face / フェイス"
"Mahjong Gokuu Special / 麻雀悟空スペシャル","mahjong-gokuu-special","JP","Hu",1990,"Sunsoft (Sun Electronics)/Chatnoir / サンソフト（サン電子）/シャノアール"
"Mahjong Sekkaku Retsuden - Mahjong Wars / 麻雀刺客列伝 麻雀ウォーズ","mahjong-sekkaku-retsuden-mahjong-wars","JP","Hu",1990,"Nihon Bussan (Nichibutsu) / 日本物産（ニチブツ）"
"Makai Prince Dorabocchan / 魔界プリンスどらぼっちゃん","makai-prince-dorabocchan","JP","Hu",1990,"naxat / ナグザット"
"Makyou Densetsu / 魔境伝説","makyou-densetsu","JP","Hu",1988,"Victor Musical Industries / ビクター音楽産業"
"Maniac Pro Wrestling / マニアック プロレス 明日への闘い","maniac-pro-wrestling","JP","Hu",1990,"Hudson / ハドソン"
"Marchen Maze / メルヘンメイズ","marchen-maze","JP","Hu",1990,"Namcot / ナムコ"
"Mashin Eiyuuden Wataru / 魔神英雄伝ワタル","mashin-eiyuuden-wataru","JP","Hu",1988,"Hudson / ハドソン"
"Mesopotamia / メソポタミア","mesopotamia","JP","Hu",1991,"Atlus / アトラス"
"Metal Stoker - Neo Hardboiled Shooting / メタルストーカー NEO HARDBOILED SHOOTING","metal-stoker-neo-hardboiled-shooting","JP","Hu",1991,"Face / フェイス"
"Mizubaku Daibouken / ミズバク大冒険","mizubaku-daibouken","JP","Hu",1992,"Taito / タイトー"
"Momotarou Densetsu II / 桃太郎伝説II","momotarou-densetsu-ii","JP","Hu",1990,"Hudson / ハドソン"
"Momotarou Densetsu Turbo / 桃太郎伝説ターボ","momotarou-densetsu-turbo","JP","Hu",1990,"Hudson / ハドソン"
"Monster Pro Wrestling / モンスタープロレス","monster-pro-wrestling","JP","Hu",1991,"ASK Kodansha/Lenar / アスク講談社"
"Morita Shougi PC / 森田将棋PC","morita-shougi-pc","JP","Hu",1991,"NEC Avenue/Random House / NECアベニュー/ランダムハウス"
"Moto Roader / モトローダー","moto-roader","JP","Hu",1989,"Masaya (NCS) / メサイヤ（日本コンピューターシステム）"
"Moto Roader II / モトローダーII","moto-roader-ii","JP","Hu",1991,"Masaya (NCS) / メサイヤ（日本コンピューターシステム）"
"Naxat Open / ナグザット オープン","naxat-open","JP","Hu",1989,"naxat / ナグザット"
"Naxat Stadium / ナグザットスタジアム","naxat-stadium","JP","Hu",1990,"naxat / ナグザット"
"Nazo No Maskarade / 謎のマスカレード","nazo-no-maskarade","JP","Hu",1990,"Masaya (NCS)/Riverhill Soft / メサイヤ（日本コンピューターシステム）/リバーヒル"
"Necromancer / 邪聖剣ネクロマンサー","necromancer","JP","Hu",1988,"Hudson / ハドソン"
"Nectaris / ネクタリス","nectaris","JP","Hu",1989,"Hudson / ハドソン"
"Nekketsu KouKou Dodgeball Bun PC Soccer Hen / 熱血高校ドッジボール部 PCサッカー編","nekketsu-koukou-dodgeball-bun-pc-soccer-hen","JP","Hu",1992,"naxat/Technos Japan / ナグザット/テクノスジャパン"
"Neutopia -  Fray no Shou / ニュートピア フレイの章","neutopia--fray-no-shou","JP","Hu",1989,"Hudson / ハドソン"
"Neutopia II / ニュートピアII","neutopia-ii","JP","Hu",1991,"Hudson / ハドソン"
"NHK Okaasan To Issho Niko Niko Pun / NHKおかあさんといっしょ にこにこ、ぷん","nhk-okaasan-to-issho-niko-niko-pun","JP","Hu",1991,"NHK Enterprises/KSS / NHKエンタープライズ/ケイ・エス・エス"
"NHK Taiga Dorama Taiheiki / NHK大河ドラマ 太平記","nhk-taiga-dorama-taiheiki","JP","Hu",1992,"Visual Vook, NHK Enterprises/KSS / ビジュアルヴック, NHKエンタープライズ/ケイ・エス・エス"
"Ninja Ryūkenden / Ninja Gaiden / 忍者龍剣伝","ninja-ryūkenden","JP","Hu",1992,"Hudson/Tecmo / ハドソン/テクモ"
"Ordyne / オーダイン","ordyne","JP","Hu",1989,"Namcot / ナムコ"
"Out Live / アウトライブ","out-live","JP","Hu",1989,"Sunsoft (Sun Electronics) / サンソフト（サン電子）"
"P-47 - The Freedom Fighter / P-47 THE FREEDOM FIGHTER","p-47-the-freedom-fighter","JP","Hu",1989,"AiCOM / エイコム"
"Pac-Land / パックランド","pac-land","JP","Hu",1989,"Namcot / ナムコ"
"Paranoia / パラノイア","paranoia","JP","Hu",1990,"naxat/Dual / ナグザット/デュアル"
"Parasol Stars - The Story Of Bubble Bobble III / パラソルスター THE STORY OF BUBBLE BOBBLE III","parasol-stars-the-story-of-bubble-bobble-iii","JP","Hu",1991,"Taito / タイトー"
"Parodius Da! - Shinwa Kara Owarai E - / パロディウスだ！ －神話からお笑いへ－","parodius-da!-shinwa-kara-owarai-e--","JP","Hu",1992,"Konami / コナミ"
"PC Denjin - Punkic Cyborgs / PC電人 PUNKIC CYBORGS","pc-denjin-punkic-cyborgs","JP","Hu",1992,"Hudson/Red / ハドソン/レッド"
"PC Genjin / PC原人","pc-genjin","JP","Hu",1989,"Hudson/Atlus, Red / ハドソン/アトラス, レッド"
"PC Genjin 2 / PC原人2","pc-genjin-2","JP","Hu",1991,"Hudson/Red / ハドソン/レッド"
"PC Genjin 3 / PC原人3","pc-genjin-3","JP","Hu",1993,"Hudson/Red / ハドソン/レッド"
"PC Pachi-Slot Idol Gambler","pc-pachi-slot-idol-gambler","JP","Hu",,
"Populous / ポピュラス","populous","JP","Hu",1991,"Hudson/Alfa System, Bullfrog/Electronic Arts / ハドソン/アルファ・システム"
"Power Drift / パワードリフト","power-drift","JP","Hu",1990,"Asmik / アスミック"
"Power Eleven / パワーイレブン","power-eleven","JP","Hu",1991,"Hudson / ハドソン"
"Power Gate / パワーゲイト","power-gate","JP","Hu",1991,"Pack-In-Video/Make Software / パック・イン・ビデオ/メイクソフトウェア"
"Power Golf / パワーゴルフ","power-golf","JP","Hu",1989,"Hudson / ハドソン"
"Power League / パワーリーグ","power-league","JP","Hu",1988,"Hudson / ハドソン"
"Power League '93 / パワーリーグ'93","power-league-'93","JP","Hu",1993,"Hudson / ハドソン"
"Power League All Star Gold HuCard / パワーリーグ　オールスターゴルド","power-league-all-star-gold-hucard","JP","Hu",1988,"Hudson / ハドソン"
"Power League II / パワーリーグII","power-league-ii","JP","Hu",1989,"Hudson / ハドソン"
"Power League III / パワーリーグIII","power-league-iii","JP","Hu",1990,"Hudson / ハドソン"
"Power League IV / パワーリーグ4","power-league-iv","JP","Hu",1991,"Hudson / ハドソン"
"Power League V / パワーリーグV","power-league-v","JP","Hu",1992,"Hudson / ハドソン"
"Power Sports / パワースポーツ","power-sports","JP","Hu",1992,"Hudson / ハドソン"
"Power Tennis / パワーテニス","power-tennis","JP","Hu",1993,"Hudson / ハドソン"
"Pro Tennis World Court / プロテニスワールドコート","pro-tennis-world-court","JP","Hu",1988,"Namcot / ナムコ"
"Pro Yakyuu World Stadium / プロ野球ワールドスタジアム","pro-yakyuu-world-stadium","JP","Hu",1988,"Namcot / ナムコ"
"Psycho Chaser / サイコチェイサー","psycho-chaser","JP","Hu",1990,"naxat / ナグザット"
"Puzznic / パズニック","puzznic","JP","Hu",1990,"Taito/Section WAN-P Team / タイトー"
"Quiz Toko Shashin","quiz-toko-shashin","JP","Hu",,
"R-TYPE I / アールタイプ I","r-type-i","JP","Hu",1988,"Hudson/Irem / ハドソン/アイレム"
"R-TYPE II / アールタイプ　II","r-type-ii","JP","Hu",1988,"Hudson/Irem / ハドソン/アイレム"
"Racing Spirits / レーシング魂","racing-spirits","JP","Hu",1991,"Irem / アイレム"
"Raiden / 雷電","raiden","JP","Hu",1991,"Hudson / ハドソン"
"Rastan Saga II / ラスタンサーガII","rastan-saga-ii","JP","Hu",1990,"Taito / タイトー"
"Rock-On / ロック・オン","rock-on","JP","Hu",1989,"Big Club/Wolf Team / ビッグクラブ/ウルフチーム"
"Ryūkyū / 琉球","ryūkyū","JP","Hu",1990,"Face/ASCII / フェイス/アスキー"
"Sadakichi Seven / 定吉七番 秀吉の黄金","sadakichi-seven","JP","Hu",1988,"Hudson / ハドソン"
"Sekigahara / 関ヶ原","sekigahara","JP","Hu",1990,"Tonkinhouse / トンキンハウス"
"Sengoku Mahjong / 戦国麻雀","sengoku-mahjong","JP","Hu",1988,"Hudson / ハドソン"
"Shanghai / 上海","shanghai","JP","Hu",1987,"Hudson/Activision / ハドソン/アクティビジョン"
"Shinobi / 忍","shinobi","JP","Hu",1989,"Asmik/Dual/Sega / アスミック/デュアル/セガ"
"Shiryou Sensen - War Of The Dead / 死霊戦線 WAR OF THE DEAD","shiryou-sensen-war-of-the-dead","JP","Hu",1989,"Victor Musical Industries / ビクター音楽産業"
"Shougi Shodan Icchokusen / 将棋 初段一直線","shougi-shodan-icchokusen","JP","Hu",1990,"Home Data / ホームデータ"
"Shougi Shoshinsha Muyou / 将棋 初心者無用","shougi-shoshinsha-muyou","JP","Hu",1991,"Home Data / ホームデータ"
"Side Arms Hyper Dyne / サイドアーム","side-arms-hyper-dyne","JP","Hu",1989,"NEC Avenue/Capcom / NECアベニュー/カプコン"
"Silent Debuggers / サイレント デバッガーズ","silent-debuggers","JP","Hu",1991,"Data East / データイースト"
"Sindbad - Chitei No Makyuu / シンドバット 地底の大魔宮","sindbad-chitei-no-makyuu","JP","Hu",1990,"IGS (Information Global Service) / アイ・ジー・エス"
"Skweek / スクウィーク","skweek","JP","Hu",1991,"Victor Musical Industries/Loriciel/Infogrames / ビクター音楽産業//インフォグラム"
"Sokoban World / 倉庫番ワールド","sokoban-world","JP","Hu",1990,"Media Rings/Thinking Rabbit / メディアリング/シンキングラビット"
"Soldier Blade / ソルジャーブレイド","soldier-blade","JP","Hu",1992,"Hudson / ハドソン"
"Soldier Blade Special Version / ソルジャーブレード スペシャルバージョン","soldier-blade-special-version","JP","Hu",1992,"Hudson / ハドソン"
"Son Son II / ソンソンII","son-son-ii","JP","Hu",1989,"NEC Avenue/Capcom / NECアベニュー/カプコン"
"Space Harrier / スペースハリアー","space-harrier","JP","Hu",1988,"NEC Avenue / NECアベニュー"
"Space Invaders - Fukkatsu No Hi / スペースインベーダーズ 復活の日","space-invaders-fukkatsu-no-hi","JP","Hu",1990,"Taito/Section HRO Team / タイトー"
"Spin Pair / スピンペア","spin-pair","JP","Hu",1990,"Media Rings / メディアリング"
"Spiral Wave / スパイラルウェーブ","spiral-wave","JP","Hu",1991,"Media Rings / メディアリング"
"Splatterhouse / スプラッターハウス","splatterhouse","JP","Hu",1990,"Namcot / ナムコ"
"Stratego / ストラテゴ","stratego","JP","Hu",1992,"Victor Musical Industries/Accolade / ビクター音楽産業"
"Super Metal Crusher / スーパーメタルクラッシャー","super-metal-crusher","JP","Hu",1991,"Pack-In-Video/Make Software / パック・イン・ビデオ/メイクソフトウェア"
"Super Momotarou Dentetsu / スーパー桃太郎電鉄","super-momotarou-dentetsu","JP","Hu",1989,"Hudson / ハドソン"
"Super Star Soldier / スーパースターソルジャー","super-star-soldier","JP","Hu",1990,"Hudson/Inter State/Kaneko / ハドソン/インターステート/カネコ"
"Super Volley Ball / スーパーバレーボール","super-volley-ball","JP","Hu",1990,"Video System / ビデオシステム"
"Susa No Ou Densetsu / 凄ノ王伝説","susa-no-ou-densetsu","JP","Hu",1989,"Hudson/Alfa System / ハドソン/アルファ・システム"
"System (2.00) Card / システムカード2.00","system-(2.00)-card","JP","Hu",,
"Taito Chase H.Q. / タイトーチェイスH. Q.","taito-chase-h.q.","JP","Hu",1990,"Taito / タイトー"
"Takahashi Meijin No Shinboukenjima / 高橋名人の新冒険島","takahashi-meijin-no-shinboukenjima","JP","Hu",1992,"Hudson / ハドソン"
"Tatsu no Ko Fighter / 竜の子ファイター","tatsu-no-ko-fighter","JP","Hu",1989,"Tonkinhouse / トンキンハウス"
"Tatsujin / タツジン","tatsujin","JP","Hu",1992,"Taito/Toaplan / タイトー/東亜プラン"
"Terra Cresta II / テラクレスタII マンドラーの逆襲","terra-cresta-ii","JP","Hu",1992,"Nihon Bussan (Nichibutsu) / 日本物産（ニチブツ）"
"The Kung Fu / THE 功夫","the-kung-fu","JP","Hu",1987,"Hudson / ハドソン"
"The Ninja Warriors / ニンジャウォーリアーズ","the-ninja-warriors","JP","Hu",1989,"Taito / タイトー"
"The Tower Of Druaga / ドルアーガの塔","the-tower-of-druaga","JP","Hu",1992,"Namcot / ナムコ"
"Thunder Blade / サンダーブレード","thunder-blade","JP","Hu",1990,"NEC Avenue/Sega / NECアベニュー/セガ"
"Time Cruise II / タイムクルーズII","time-cruise-ii","JP","Hu",1991,"Face / フェイス"
"Titan / タイタン","titan","JP","Hu",1991,"naxat/TITUS / ナグザット"
"Toilet Kids / トイレキッズ","toilet-kids","JP","Hu",1992,"Media Rings / メディアリング"
"Tora E No Michi / Tiger Road / 虎への道","tora-e-no-michi","JP","Hu",1990,"Victor Musical Industries/Capcom / ビクター音楽産業/カプコン"
"Toy Shop Boys / トイ・ショップ・ボーイズ","toy-shop-boys","JP","Hu",1990,"Victor Musical Industries / ビクター音楽産業"
"Tricky / トリッキー","tricky","JP","Hu",1991,"IGS (Information Global Service)/Alfa System / アイ・ジー・エス/アルファ・システム"
"Tsuppari Ouzumou Heiseiban / つっぱり大相撲 平成版","tsuppari-ouzumou-heiseiban","JP","Hu",1993,"naxat/Tecmo / ナグザット/テクモ"
"Tsuru Teruhito No Jissen Kabushiki Bai Bai Game / 都留照人の実戦株式倍バイゲーム","tsuru-teruhito-no-jissen-kabushiki-bai-bai-game","JP","Hu",1989,"Intec / インテック"
"TV Sports Basketball / TVスポーツ・バスケットボール","tv-sports-basketball","JP","Hu",1993,"Victor Musical Industries / ビクター音楽産業"
"TV Sports Football / TVスポーツ・フットボール","tv-sports-football","JP","Hu",1991,"Victor Musical Industries / ビクター音楽産業"
"TV Sports Hockey / TVスポーツ・アイスホッケー","tv-sports-hockey","JP","Hu",1993,"Victor Musical Industries / ビクター音楽産業"
"USA Pro Basketball / USAプロバスケットボール","usa-pro-basketball","JP","Hu",1989,"AiCOM / エイコム"
"Valkyrie No Densetsu / ワルキューレの伝説","valkyrie-no-densetsu","JP","Hu",1990,"Namcot / ナムコ"
"Veigues - Tactical Gladiator / ヴェイグス TACTICAL GLADIATOR","veigues-tactical-gladiator","JP","Hu",1990,"Victor Musical Industries/BITS/Game Arts / ビクター音楽産業/ビッツ/ゲームアーツ"
"Victory Run / ビクトリーラン ―栄光の13,000キロ―","victory-run","JP","Hu",1987,"Hudson / ハドソン"
"Vigilante / ビジランテ","vigilante","JP","Hu",1989,"Irem / アイレム"
"Violent Soldier / バイオレントソルジャー","violent-soldier","JP","Hu",1990,"IGS (Information Global Service)/Alfa System / アイ・ジー・エス/アルファ・システム"
"Volfied / ヴォルフィード","volfied","JP","Hu",1989,"Taito / タイトー"
"W-Ring / The Double Rings / ダブルリング","w-ring","JP","Hu",1990,"naxat / ナグザット"
"WaiWai Ma Jong Yukaina Jantomotachi / わいわい麻雀 ゆかいな雀友たち","waiwai-ma-jong-yukaina-jantomotachi","JP","Hu",1989,"Video System / ビデオシステム"
"Wallaby!! Usagi no Koku no Kangaroorace / ワラビー ウサギの国のカンガルーレース","wallaby!!-usagi-no-koku-no-kangaroorace","JP","Hu",1990,"Masaya (NCS)/Tenky / メサイヤ（日本コンピューターシステム）/テンキー"
"Winning Shot / ウイニングショット","winning-shot","JP","Hu",1989,"Data East / データイースト"
"World Beach Volley / ワールドビーチバレー","world-beach-volley","JP","Hu",1990,"IGS (Information Global Service) / アイ・ジー・エス"
"World Circuit / ワールドサーキット","world-circuit","JP","Hu",1991,"Namcot / ナムコ"
"World Jockey / ワールドジョッキー","world-jockey","JP","Hu",1991,"Namcot / ナムコ"
"World Stadium '91 / プロ野球 ワールドスタジアム'91","world-stadium-'91","JP","Hu",1991,"Namcot / ナムコ"
"X-Serd / 飛装騎兵カイザード","x-serd","JP","Hu",1990,"Masaya (NCS) / メサイヤ（日本コンピューターシステム）"
"Xevious Fadraut Densetsu / ゼビウス ファードラウト伝説","xevious-fadraut-densetsu","JP","Hu",1990,"Namcot / ナムコ"
"Youkaidouchuuki / 妖怪道中記","youkaidouchuuki","JP","Hu",1988,"Namcot / ナムコ"
"Yuu Yuu Jinsei / 遊々人生","yuu-yuu-jinsei","JP","Hu",1988,"Hudson / ハドソン"
"Zipang / ジパング","zipang","JP","Hu",1990,"Pack-In-Video/ARC/Tecmo / パック・イン・ビデオ/テクモ"
"Astralius / 魔笛伝説 アストラリウス","astralius","JP","CD",1991,"IGS (Information Global Service) / アイ・ジー・エス"
"Burai / ブライ 「八玉の勇士伝説」","burai","JP","CD",1991,"Riverhill Soft / リバーヒルソフト"
"CD-ROM Magazine Ultra Box / CD-ROMマガジン ウルトラボックス創刊号","cd-rom-magazine-ultra-box","JP","CD",1990,"Victor Musical Industries / ビクター音楽産業"
"CD-ROM Magazine Ultra Box 2 / CD-ROM マガジン ウルトラボックス2号","cd-rom-magazine-ultra-box-2","JP","CD",1990,"Victor Musical Industries / ビクター音楽産業"
"CD-ROM Magazine Ultra Box 3 / CD-ROM マガジン ウルトラボックス3号","cd-rom-magazine-ultra-box-3","JP","CD",1990,"Victor Musical Industries / ビクター音楽産業"
"CD-ROM Magazine Ultra Box 4 / CD-ROM マガジン ウルトラボックス4号","cd-rom-magazine-ultra-box-4","JP","CD",1991,"Victor Musical Industries / ビクター音楽産業"
"CD-ROM Magazine Ultra Box 5 / CD-ROM マガジン ウルトラボックス5号","cd-rom-magazine-ultra-box-5","JP","CD",1991,"Victor Musical Industries / ビクター音楽産業"
"CD-ROM Magazine Ultra Box 6 / CD-ROM マガジン ウルトラボックス6号","cd-rom-magazine-ultra-box-6","JP","CD",1992,"Victor Musical Industries / ビクター音楽産業"
"Color Wars / カラーウォーズ","color-wars","JP","CD",1992,"Coconuts Japan / ココナッツジャパン"
"Cyber City Oedo 808 / サイバーシティ オーエド 808 獣の属性","cyber-city-oedo-808","JP","CD",1991,"Masaya (NCS) / メサイヤ（日本コンピューターシステム）"
"Daisenpuu Custom / 大旋風 カスタム","daisenpuu-custom","JP","CD",1991,"NEC Avenue/Toaplan / NECアベニュー/東亜プラン"
"Death Bringer - The Knight Of Darkness / デスブリンガー THE KNIGHT OF DARKNESS","death-bringer-the-knight-of-darkness","JP","CD",1990,"Renovotion game, Telenet Japan / RENO, 日本テレネット"
"Final Zone II / ファイナルゾーンII","final-zone-ii","JP","CD",1990,"Renovotion game, Telenet Japan, Toshiba EMI / RENO, 日本テレネット, 東芝EMI"
"Gambler Jikochuushinha Mahjong Puzzle Collection / ぎゅわんぶらあ自己中心派麻雀パズルコレクション","gambler-jikochuushinha-mahjong-puzzle-collection","JP","CD",1992,"Taito/Game Arts / タイトー/ゲームアーツ"
"Golden Axe / 戦斧ゴールデンアックス","golden-axe","JP","CD",1990,"Renovotion game, Telenet Japan/Sega / RENO, 日本テレネット/セガ"
"High Grenadier / ハイグレネーダー","high-grenadier","JP","CD",1991,"Renovotion game, Telenet Japan / RENO, 日本テレネット"
"Hihou Densetsu Kurisu no Bouken / 秘宝伝説 クリスの冒険","hihou-densetsu-kurisu-no-bouken","JP","CD",1991,"Pack-In-Video / パック・イン・ビデオ"
"Hokutosei No Onna - Nishimura Keitarou / 北斗星の女 西村京太郎","hokutosei-no-onna-nishimura-keitarou","JP","CD",1990,"naxat / ナグザット"
"IQ Panic / アイキュー パニック","iq-panic","JP","CD",1992,"IGS (Information Global Service) / アイ・ジー・エス"
"Jack Nicklaus' World Tour Golf / ジャック・ニクラウス162ホール ワールド・ゴルフ・ツアー","jack-nicklaus'-world-tour-golf","JP","CD",1990,"Victor Musical Industries / ビクター音楽産業"
"Jantei Monogatari / 雀偵物語","jantei-monogatari","JP","CD",1990,"Renovotion game, Telenet Japan / RENO, 日本テレネット"
"Jūouki / Altered Beast / 獣王記","jūouki-cd","JP","CD",1989,"NEC Avenue/Sega / NECアベニュー/セガ"
"Kagami no Kuni no Legend / 鏡の国のレジェンド","kagami-no-kuni-no-legend","JP","CD",1989,"Victor Musical Industries / ビクター音楽産業"
"Kaizou Choujin Shubibinman 3 - Ikai No Prinzess / 改造町人シュビビンマン3 異界のプリンセス","kaizou-choujin-shubibinman-3-ikai-no-prinzess","JP","CD",1992,"Masaya (NCS) / メサイヤ（日本コンピューターシステム）"
"La Valeur / 魔晶伝記 ラ・ヴァルー","la-valeur","JP","CD",1991,"Kogado Studio / 工画堂スタジオ"
"Last Armagedon / ラストハルマゲドン","last-armagedon","JP","CD",1990,"Brain Grey / ブレイングレイ"
"Lodoss Tousenki Taikenban + Guidebook / ロードス島戦記　体験版","lodoss-tousenki-taikenban-+-guidebook","JP","CD",1992,"Hudson Soft"
"Lord Of Wars / ロードオブウォーズ","lord-of-wars","JP","CD",1991,"System Soft / システムソフト"
"Mamono Hunter Youko - Makai Kara No Tenkousei - / 魔物ハンター妖子 ―魔界からの転校生―","mamono-hunter-youko-makai-kara-no-tenkousei--","JP","CD",1992,"Masaya (NCS) / メサイヤ（日本コンピューターシステム）"
"Master Of Monsters / マスターオブモンスターズ","master-of-monsters","JP","CD",1991,"Micro Cabin / マイクロキャビン"
"Meikyuu No Elfine - Faerie Dust Story / 迷宮のエルフィーネ","meikyuu-no-elfine-faerie-dust-story","JP","CD",1990,"Laser Soft, Telenet Japan / レーザーソフト, 日本テレネット"
"Might And Magic / マイト アンド マジック","might-and-magic","JP","CD",1992,"NEC Avenue/New World Computing / NECアベニュー"
"Mine Sweeper / マインスウィーパー","mine-sweeper","JP","CD",1992,"Pack-In-Video/ARC / パック・イン・ビデオ"
"Mitsubachi Gakuen / みつばち学園","mitsubachi-gakuen","JP","CD",1990,"Hudson / ハドソン"
"Pomping World / ポンピングワールド","pomping-world","JP","CD",1991,"Hudson/Capcom / ハドソン/カプコン"
"Quiz Avenue / クイズアベニュー","quiz-avenue","JP","CD",1991,"NEC Avenue / NECアベニュー"
"Quiz Avenue II / クイズアベニューII","quiz-avenue-ii","JP","CD",1991,"NEC Avenue / NECアベニュー"
"Quiz Caravan Cult Q / クイズキャラバン カルトQ","quiz-caravan-cult-q","JP","CD",1993,"Hudson/Alfa System / ハドソン/アルファ・システム"
"Quiz Marugoto - The World / QUIZまるごと Theワールド","quiz-marugoto-the-world","JP","CD",1991,"Atlus / アトラス"
"Quiz Marugoto - The World 2 / QUIZ まるごと The ワールド2 タイムマシンにおねがい！","quiz-marugoto-the-world-2","JP","CD",1992,"Atlus / アトラス"
"Quiz Tonosama no Yabou / クイズ殿様の野望","quiz-tonosama-no-yabou","JP","CD",1992,"Hudson/Capcom / ハドソン/カプコン"
"Red Alert / レッドアラート","red-alert","JP","CD",1989,"Laser Soft, Telenet Japan / レーザーソフト, 日本テレネット"
"Rising Sun / ライジング・サン","rising-sun","JP","CD",1992,"Victor Musical Industries / ビクター音楽産業"
"Road Spirits / ロードスピリッツ","road-spirits","JP","CD",1991,"Pack-In-Video/ARC / パック・イン・ビデオ"
"ROM ROM Stadium / ロムロムスタジアム","rom-rom-stadium","JP","CD",1989,"Masaya (NCS)/Dual / メサイヤ（日本コンピューターシステム）/デュアル"
"ROMROM Karaoke Vol. 1 / ロムロムカラオケ VOL1 すてきに スタンダード","romrom-karaoke-vol.-1","JP","CD",1990,"Victor Musical Industries / ビクター音楽産業"
"ROMROM Karaoke Vol. 2 / ロムロムカラオケ VOL2 なっとく アイドル","romrom-karaoke-vol.-2","JP","CD",1990,"Victor Musical Industries / ビクター音楽産業"
"ROMROM Karaoke Vol. 3 / ロムロムカラオケ VOL3 やっぱし バンド","romrom-karaoke-vol.-3","JP","CD",1990,"Victor Musical Industries / ビクター音楽産業"
"ROMROM Karaoke Vol. 4 / ロムロムカラオケ VOL4 ちょいと おとな！？","romrom-karaoke-vol.-4","JP","CD",1990,"Victor Musical Industries / ビクター音楽産業"
"ROMROM Karaoke Vol. 5 / ロムロムカラオケ VOL5 カラオケ 幕の内","romrom-karaoke-vol.-5","JP","CD",1990,"Victor Musical Industries / ビクター音楽産業"
"ROMROM Karaoke Volume 1 / ロムロムカラオケ ボリューム1","romrom-karaoke-volume-1","JP","CD",1989,"NEC Avenue / NECアベニュー"
"ROMROM Karaoke Volume 2 / ロムロムカラオケ ボリューム2","romrom-karaoke-volume-2","JP","CD",1989,"NEC Avenue / NECアベニュー"
"ROMROM Karaoke Volume 3 / ロムロムカラオケ ボリューム3","romrom-karaoke-volume-3","JP","CD",1989,"NEC Avenue / NECアベニュー"
"ROMROM Karaoke Volume 4 / ロムロムカラオケ ボリューム4","romrom-karaoke-volume-4","JP","CD",1990,"NEC Avenue / NECアベニュー"
"ROMROM Karaoke Volume 5 / ロムロムカラオケ ボリューム5","romrom-karaoke-volume-5","JP","CD",1990,"NEC Avenue / NECアベニュー"
"Sangokushi Eiketsu Tenka Ni Nozomu / 三国志 英傑天下に臨む","sangokushi-eiketsu-tenka-ni-nozomu","JP","CD",1991,"naxat / ナグザット"
"Sengoku Kantou Sangokushi / 戦国関東三国志","sengoku-kantou-sangokushi","JP","CD",1991,"Intec / インテック"
"Shanghai III - Dragon's Eye / 上海III ドラゴンズアイ","shanghai-iii-dragon's-eye","JP","CD",1992,"ASK Kodansha / アスク講談社"
"Sherlock Holmes Consulting Detective / シャーロック・ホームズの探偵講座","sherlock-holmes-consulting-detective","JP","CD",1991,"Victor Musical Industries/ICOM Simulations / ビクター音楽産業"
"Sherlock Holmes Consulting Detective Vol. II / シャーロック・ホームズの探偵講座II","sherlock-holmes-consulting-detective-vol.-ii","JP","CD",1993,"Victor Musical Industries/ICOM Simulations / ビクター音楽産業"
"Side Arms Special / サイドアーム スペシャル","side-arms-special","JP","CD",1989,"NEC Avenue/Capcom / NECアベニュー/カプコン"
"Sol Bianca / ソル・ビアンカ","sol-bianca","JP","CD",1990,"Masaya (NCS) / メサイヤ（日本コンピューターシステム）"
"Splash Lake / スプラッシュレイク","splash-lake","JP","CD",1991,"NEC Avenue / NECアベニュー"
"Star Mobile / スターモビール","star-mobile","JP","CD",1992,"naxat / ナグザット"
"Super Daisenryaku / SUPER大戦略","super-daisenryaku","JP","CD",1990,"Micro Cabin/System Soft / マイクロキャビン/システムソフト"
"Super Schwarzschild / スーパーシュヴァルツシルト","super-schwarzschild","JP","CD",1991,"Kogado Studio / 工画堂スタジオ"
"Taiheiki / 太平記","taiheiki","JP","CD",1991,"Intec / インテック"
"Terrestrial Defense Force 2 / ガルクライト TDF2","terrestrial-defense-force-2","JP","CD",1991,"Pack-In-Video/Data West / パック・イン・ビデオ/データウエスト"
"The Magical Dinosaur Tour / マジカルサウルスツアー 最新恐竜図解大辞典","the-magical-dinosaur-tour","JP","CD",1990,"Victor Musical Industries / ビクター音楽産業"
"The Pro Yakyuu / ザ・プロ野球","the-pro-yakyuu","JP","CD",1990,"Intec / インテック"
"Vasteel / バスティール","vasteel","JP","CD",1990,"Human / ヒューマン"
"Yokoyama Mitsuteru Shin Sangokushi - Tenka Ha Ware Ni / 横山光輝 真・三国志 ～天下は我に～","yokoyama-mitsuteru-shin-sangokushi-tenka-ha-ware-ni","JP","CD",1992,"naxat / ナグザット"
"Ys III - Wanderers From Ys / イースIII ワンダラーズフロムイース","ys-iii-wanderers-from-ys","JP","CD",1991,"Hudson/Alfa System/Falcom / ハドソン/アルファ・システム/日本ファルコム"
"Zan - Kagerou No Toki / 斬 ～陽炎の時代～","zan-kagerou-no-toki","JP","CD",1991,"Taito/Wolf Team / タイトー/ウルフチーム"
"1552 Tenka Tairan / 1552天下大乱","1552-tenka-tairan","JP","SCD",1993,"ASK Kodansha / アスク講談社"
"Adventure Quiz: Capcom World & Hatena No Daibouken / アドベンチャークイズ カプコンワールド ハテナの大冒険","adventure-quiz:-capcom-world-&-hatena-no-daibouken","JP","SCD",1992,"Hudson/Alfa System/Capcom / ハドソン/アルファ・システム/カプコン"
"Akiyama Jin No Suugaku Mistery - indo no honoo shishuseyo / 秋山仁の数学ミステリー 秘宝“インドの炎”を死守せよ","akiyama-jin-no-suugaku-mistery-indo-no-honoo-shishuseyo","JP","SCD",1994,"NHK Software / NHKソフトウェア"
"Alshark / アルシャーク","alshark","JP","SCD",1994,"Victor Entertainment/Right Stuff / ビクターエンタテインメント/ライトスタッフ"
"Aoki Ookami To Shiroki Mejika - Genchouhishi / 蒼き狼と白き牝鹿 元朝秘史","aoki-ookami-to-shiroki-mejika-genchouhishi","JP","SCD",1993,"Koei / 光栄"
"Auto Crusher Palladium / パラディオン","auto-crusher-palladium","JP","SCD",1994,"Pack-In-Video / パック・イン・ビデオ"
"AV Tanjou / AV誕生","av-tanjou","JP","SCD",1995,"GAMES EXPRESS / ゲーム・エクスプレス"
"Baby Jo - The Super Hero / ベイビー・ジョー ザ・スーパーヒーロー","baby-jo-the-super-hero","JP","SCD",1992,"Micro World / マイクロワールド"
"Bakuden Unbalance Zone / 爆伝 アンバランスゾーン","bakuden-unbalance-zone","JP","SCD",1994,"Sony Music Entertainment / ソニーミュージックエンタテインメント"
"Bazaaru de Gozaaru no Geemu de Gozaaru / バザールでござーるのゲームでござーる","bazaaru-de-gozaaru-no-geemu-de-gozaaru","JP","SCD",1996,"NEC Home Electronics / NECホームエレクトロニクス"
"Bishoujo Jyanshi Idol Pai / 美少女雀士 アイドルパイ","bishoujo-jyanshi-idol-pai","JP","SCD",1995,"Games Express"
"Bishoujo Senshi Sailor Moon / 美少女戦士セーラームーン","bishoujo-senshi-sailor-moon","JP","SCD",1994,"Banpresto / バンプレスト"
"Black Hole Assault / ブラックホールアサルト","black-hole-assault","JP","SCD",1993,"Micro Cabin / マイクロキャビン"
"Bonanza Bros. / ボナンザブラザーズ","bonanza-bros.","JP","SCD",1992,"NEC Avenue / NECアベニュー"
"Builder Land / ビルダーランド","builder-land","JP","SCD",1992,"Micro World / マイクロワールド"
"Card Angels / カードエンジェルス","card-angels","JP","SCD",1994,"Fujicom / フジコム"
"CD Battle - Hikari No Yuushatachi / CD BATTLE 光の勇者たち","cd-battle-hikari-no-yuushatachi","JP","SCD",1993,"King Records / キングレコード"
"CD Bishoujo Pachinko 4 Sisters / CD美少女パチンコ～球魔四姉妹～","cd-bishoujo-pachinko-4-sisters","JP","SCD",1995,"Games Express"
"CD Denjin Rockabily Tenkoku / CD電人 ロカビリー天国","cd-denjin-rockabily-tenkoku","JP","SCD",1993,"Hudson/Red, Dual / ハドソン/レッド, デュアル"
"CD Hanafuda Bishoujo Fanclub - Gambler / CD花札 美少女ファンクラブ","cd-hanafuda-bishoujo-fanclub-gambler","JP","SCD",1994,"Games Express"
"CD Mahjong Bishoujo Chuushinha / CD麻雀 美少女中心派","cd-mahjong-bishoujo-chuushinha","JP","SCD",1993,"Games Express"
"CD Pachisuro Bishoujo Gambler / CDパチスロ美少女ギャンブラー","cd-pachisuro-bishoujo-gambler","JP","SCD",1994,"Games Express"
"Championship Rally / チャンピオンシップ・ラリー","championship-rally","JP","SCD",1993,"Intec / インテック"
"Choujikuuyousai Macross - Eien No Love Song / 超時空要塞マクロス ―永遠のラヴソング―","choujikuuyousai-macross-eien-no-love-song","JP","SCD",1992,"Masaya (NCS) / メサイヤ（日本コンピューターシステム）"
"Crazy Hospital: Fushigi No Kuni No Tenshi","crazy-hospital:-fushigi-no-kuni-no-tenshi","JP","SCD",,
"Crest Of Wolf / クレスト・オブ・ウルフ 狼的紋章","crest-of-wolf","JP","SCD",1993,"Hudson/Westone / ハドソン/ウエストン"
"Develo Starter Kit - Assembler / でべろスターターキット・アセンブラ編","develo-starter-kit-assembler","JP","SCD",1996,
"Develo Starter Kit - BASIC","develo-starter-kit-basic","JP","SCD",,
"Digital Comic Patlabor - Chapter Of Griffon / デジタルコミック 機動警察パトレイバー 「グリフォン編」","digital-comic-patlabor-chapter-of-griffon","JP","SCD",1993,"Riverhill Soft / リバーヒルソフト"
"Doraemon - Nobita No Dorabian Night / ドラえもん のび太のドラビアンナイト","doraemon-nobita-no-dorabian-night-scd","JP","SCD",1992,"Hudson / ハドソン"
"Downtown Nekketsu Monogatari / ダウンタウン熱血物語","downtown-nekketsu-monogatari","JP","SCD",1993,"naxat/Technos Japan / ナグザット/テクノスジャパン"
"Dragon Half / ドラゴンハーフ","dragon-half","JP","SCD",1994,"Micro Cabin / マイクロキャビン"
"Dragon Knight & Grafitti / ドラゴンナイト アンド グラフィティー","dragon-knight-&-grafitti","JP","SCD",1995,"NEC Avenue/elf / NECアベニュー/エルフ"
"Dragon Slayer - The Legend Of Heroes / ドラゴンスレイヤー英雄伝説","dragon-slayer-the-legend-of-heroes","JP","SCD",1991,"Hudson/Falcom / ハドソン/日本ファルコム"
"Dungeon Explorer II / ダンジョン エクスプローラーII","dungeon-explorer-ii","JP","SCD",1993,"Hudson / ハドソン"
"Dungeon Master - Theron's Quest / ダンジジョンマスター セエロンズ・クエスト","dungeon-master-theron's-quest","JP","SCD",1992,"Victor Musical Industries/FTL / ビクター音楽産業"
"Duo Comic Bakuretsu Hunter / DUO COMIC 爆れつハンター","duo-comic-bakuretsu-hunter","JP","SCD",1994,"Media Works / メディアワークス"
"Eikan Ha Kimi Ni Koukou Yakyuu Zenkoku Taikai / 栄冠は君に 高校野球全国大会","eikan-ha-kimi-ni-koukou-yakyuu-zenkoku-taikai","JP","SCD",1994,"Artdink / アートディンク"
"Eiyū Sangokushi / 英雄 三国志　","eiyū-sangokushi","JP","SCD",1993,"Irem / アイレム"
"Emerald Dragon Taikenban / エメラルドドラゴン　体験版","emerald-dragon-taikenban","JP","SCD",1994,"Media Works / メディアワークス"
"F1 Circus Special Pole To Win / エフワンサーカス・スペシャル ポールトゥウイン","f1-circus-special-pole-to-win","JP","SCD",1992,"Nihon Bussan (Nichibutsu) / 日本物産（ニチブツ）"
"F1 Team Simulation Project F / F-1チームシュミレーション PROJECT F","f1-team-simulation-project-f","JP","SCD",1992,"Laser Soft, Telenet Japan / レーザーソフト, 日本テレネット"
"Faceball - Sample Disc / フェイスボール 体験版","faceball-sample-disc","JP","SCD",,"Riverhill Soft / リバーヒルソフト"
"Fiend Hunter / フィーンドハンター","fiend-hunter","JP","SCD",1993,"Right Stuff / ライトスタッフ"
"Forgotten Worlds / フォゴットンワールド","forgotten-worlds","JP","SCD",1992,"NEC Avenue/Capcom / NECアベニュー/カプコン"
"Formation Soccer 95 della Serie A / フォーメーションサッカー95 デッラ セリエA","formation-soccer-95-della-serie-a","JP","SCD",1995,"Human/HuneX / ヒューマン/ヒューネックス"
"Gain Ground SX / ゲイングランドSX","gain-ground-sx","JP","SCD",1992,"NEC Avenue / NECアベニュー"
"Galaxy Fraulein Yuna / 銀河お嬢様伝説ユナ","galaxy-fraulein-yuna","JP","SCD",1992,"Hudson/Red, will / ハドソン/レッド, ウィル"
"Galaxy Fraulein Yuna 2 - Eien No Princess / 銀河お嬢様伝説ユナ2 永遠のプリンセス","galaxy-fraulein-yuna-2-eien-no-princess","JP","SCD",1995,"Hudson/Red, will / ハドソン/レッド, ウィル"
"Gambler Slot / ギャンブラー スロット勝負師","gambler-slot","JP","SCD",1995,"Nihon Bussan (Nichibutsu)/Cream / 日本物産（ニチブツ）"
"Gate Of Thunder / ゲート オブ サンダー","gate-of-thunder","JP","SCD",1992,"Hudson/Red / ハドソン/レッド"
"Genocide / ジェノサイド","genocide","JP","SCD",1992,"Brain Grey / ブレイングレイ"
"Ghost Sweeper Mikami / GS/ゴーストスイーパー美神","ghost-sweeper-mikami","JP","SCD",1994,"Banpresto / バンプレスト"
"Godzilla Bakutou Retsu Den / ゴジラ 爆闘烈伝","godzilla-bakutou-retsu-den","JP","SCD",1994,"TOHO/Alfa System / 東宝/アルファ・システム"
"Hawk F-123 / HAWK F-123","hawk-f-123","JP","SCD",1992,"Pack-In-Video/Make Software / パック・イン・ビデオ"
"Himitsu No Hanazono / 秘密の花園","himitsu-no-hanazono","JP","SCD",1993,"Tokuma Intermedia / 徳間インターメディア"
"Human Sports Festival / ヒューマンスポーツフェスティバル","human-sports-festival","JP","SCD",1992,"Human / ヒューマン"
"Hyaku Monogatari - Honto Ni Atta Kowai Hanashi / 百物語 ～ほんとにあった怖い話～","hyaku-monogatari-honto-ni-atta-kowai-hanashi","JP","SCD",1995,"Hudson / ハドソン"
"J Thunder","j-thunder","JP","SCD",,
"Jantei Monogatari 3 - Saber Angel / 雀偵物語3 セイバーエンジェル","jantei-monogatari-3-saber-angel","JP","SCD",1993,"Atlus / アトラス"
"Jim Power / ジム・パワー","jim-power","JP","SCD",1993,"Micro World / マイクロワールド"
"Kaze No Densetsu Xanadu Taikenban / 風の伝説ザナドゥ　体験版","kaze-no-densetsu-xanadu-taikenban","JP","SCD",,
"Kiaidan 00 / キアイダン00","kiaidan-00","JP","SCD",1992,"RIOT, Telenet Japan/Alfa System / ライオット, 日本テレネット/アルファ・システム"
"Kisou Louga / 機装ルーガ","kisou-louga","JP","SCD",1993,"Kogado Studio / 工画堂スタジオ"
"Kisou Louga II - The Ends Of Shangrila / 機装ルーガII","kisou-louga-ii-the-ends-of-shangrila","JP","SCD",1995,"NEC Home Electronics/Kogado Studio / NECホームエレクトロニクス/工画堂スタジオ"
"KO Seiki Beast Sanjuushi Gaia Fukkatsu Kanketsu Hen / KO世紀ビースト三獣士 ガイア復活 完結編","ko-seiki-beast-sanjuushi-gaia-fukkatsu-kanketsu-hen","JP","SCD",1994,"Pack-In-Video / パック・イン・ビデオ"
"Lady Phantom / レディファントム","lady-phantom","JP","SCD",1991,"Laser Soft, Telenet Japan / レーザーソフト, 日本テレネット"
"Langrisser / ラングリッサー 光輝の末裔","langrisser","JP","SCD",1993,"Masaya (NCS) / メサイヤ（日本コンピューターシステム）"
"Laplace No Ma - Preview Disc / ラプラスの魔プレビューディスク","laplace-no-ma-preview-disc","JP","SCD",,
"Loom / ルーム","loom","JP","SCD",1992,"Victor Musical Industries/Lucasfilm Games / ビクター音楽産業"
"Mahjong Clinic Special / MAH-JONG クリニック SPECIAL","mahjong-clinic-special","JP","SCD",1993,"naxat / ナグザット"
"Mahjong On The Beach / 麻雀オンザビーチ","mahjong-on-the-beach","JP","SCD",1993,"NEC Avenue / NECアベニュー"
"Mahjong Vanilla Syndrome / まーじゃん バニラシンドローム","mahjong-vanilla-syndrome","JP","SCD",1991,"Nihon Bussan (Nichibutsu) / 日本物産（ニチブツ）"
"Mahou No Shoujo - Silky Lip / 魔法の少女　シルキーリップ","mahou-no-shoujo-silky-lip","JP","SCD",1994,"Telenet Japan / 日本テレネット"
"Mamono Hunter Youko - Touki Yobikoe / 魔物ハンター妖子 ～遠き呼び声～","mamono-hunter-youko-touki-yobikoe","JP","SCD",1993,"Masaya (NCS)/Tenky / メサイヤ（日本コンピューターシステム）/テンキー"
"Metal Angel / メタルエンジェル","metal-angel","JP","SCD",1993,"Pack-In-Video / パック・イン・ビデオ"
"Metal Angel 2 / メタルエンジェル2","metal-angel-2","JP","SCD",1995,"Pack-In-Video / パック・イン・ビデオ"
"Might And Magic III - Isles Of Terra / マイトアンドマジックIII","might-and-magic-iii-isles-of-terra","JP","SCD",1993,"Hudson/New World Computing / ハドソン"
"Moto Roader MC / モトローダーMC","moto-roader-mc","JP","SCD",1992,"Masaya (NCS) / メサイヤ（日本コンピューターシステム）"
"Nekketsu KouKou Dodgeball Bun CD Soccer Hen / 熱血高校ドッジボール部 CDサッカー編","nekketsu-koukou-dodgeball-bun-cd-soccer-hen","JP","SCD",1991,"naxat/Technos Japan / ナグザット/テクノスジャパン"
"Nekketsu Legend Baseballer / 熱血レジェンド ベースボーラー","nekketsu-legend-baseballer","JP","SCD",1995,"Pack-In-Video / パック・イン・ビデオ"
"Nemurenu Yoru No Chiisana Ohanashi / 眠れぬ夜の小さなお話","nemurenu-yoru-no-chiisana-ohanashi","JP","SCD",1993,"NEC Home Electronics / NECホームエレクトロニクス"
"Neo Nectaris / ネオ・ネクタリス","neo-nectaris","JP","SCD",1994,"Hudson / ハドソン"
"Nobunaga No Yabou - Bushou Fuu Unroku / 信長の野望 武将風雲録 (with セーブくん)","nobunaga-no-yabou-bushou-fuu-unroku","JP","SCD",1993,"Koei / 光栄"
"Nobunaga No Yabou - Zenkokuban / 信長の野望・全国版","nobunaga-no-yabou-zenkokuban","JP","SCD",1993,"Koei / 光栄"
"Panic Bomber / ぱにっくボンバー","panic-bomber","JP","SCD",1994,"Hudson / ハドソン"
"PC Cocoron / ＰＣココロン","pc-cocoron","JP","SCD",1993,"Sur De Wave / シュールドウェーブ"
"PCEngine Hyper Catalog (CD-Rom Capsule)","pcengine-hyper-catalog-(cd-rom-capsule)","JP","SCD",,
"PCEngine Hyper Catalog 2","pcengine-hyper-catalog-2","JP","SCD",,
"PCEngine Hyper Catalog 3","pcengine-hyper-catalog-3","JP","SCD",,
"PCEngine Hyper Catalog 4","pcengine-hyper-catalog-4","JP","SCD",,
"PCEngine Hyper Catalog 5","pcengine-hyper-catalog-5","JP","SCD",,
"PCEngine Hyper Catalog 6 - disc A","pcengine-hyper-catalog-6-disc-a","JP","SCD",,
"PCEngine Hyper Catalog 6 - disc B","pcengine-hyper-catalog-6-disc-b","JP","SCD",,
"PCEngine Hyper Catalog Duo-RX - disc A","pcengine-hyper-catalog-duo-rx-disc-a","JP","SCD",,
"PCEngine Hyper Catalog Duo-RX - disc B","pcengine-hyper-catalog-duo-rx-disc-b","JP","SCD",,
"Police Connection / ポリス・コネクション","police-connection","JP","SCD",1993,"Laser Soft, Telenet Japan / レーザーソフト, 日本テレネット"
"Prince Of Persia / プリンスオブペルシャ","prince-of-persia","JP","SCD",1991,"Riverhill Soft/Broderbund / リバーヒルソフト"
"Princess Maker 1 / プリンセスメーカー1","princess-maker-1","JP","SCD",1995,"NEC Home Electronics/Micro Cabin/Gainax / NECホームエレクトロニクス/マイクロキャビン/ガイナックス"
"Private Eye Doll / プライベート・アイ・ドル","private-eye-doll","JP","SCD",1995,"NEC Home Electronics/Hunex / NECホームエレクトロニクス/ヒューネックス"
"Psychic Detective Series Vol. 4 - Orgel / サイキック・ディテクティブ・シリーズ Vol.4 オルゴール","psychic-detective-series-vol.-4-orgel","JP","SCD",1993,"Data West / データウエスト"
"Puyo Puyo CD / ぷよぷよCD","puyo-puyo-cd","JP","SCD",1994,"NEC Avenue/Compile / NECアベニュー/コンパイル"
"Puyo Puyo CD 2 / ぷよぷよCD通","puyo-puyo-cd-2","JP","SCD",1996,"NEC Interchannel/Compile / NECインターチャネル/コンパイル"
"Quiz De Gakuensai / クイズDE学園祭","quiz-de-gakuensai","JP","SCD",1993,"naxat / ナグザット"
"R-TYPE Complete CD / アールタイプ コンプリートCD","r-type-complete-cd","JP","SCD",1991,"Irem / アイレム"
"Ranma 1/2 - Datou, Gansou Musabetsu Kakutou-ryuu / らんま1／2 打倒、元祖無差別格闘流！","ranma-1/2-datou,-gansou-musabetsu-kakutou-ryuu","JP","SCD",1992,"Masaya (NCS) / メサイヤ（日本コンピューターシステム）"
"Ruin Kami No Isan / ルイン 神の遺産","ruin-kami-no-isan","JP","SCD",1993,"Victor Entertainment / ビクターエンタテインメント"
"Sangokushi III / 三国志III","sangokushi-iii","JP","SCD",1993,"Koei / 光栄"
"Seisenshi Denshou - Jantaku No Kishi / 聖戦士伝承 ―雀卓の騎士―","seisenshi-denshou-jantaku-no-kishi","JP","SCD",1994,"Nihon Bussan (Nichibutsu)/Cream / 日本物産（ニチブツ）"
"Sexy Idol Mahjong Fashion Monogatari / セクシーアイドル まーじゃんファッション物語","sexy-idol-mahjong-fashion-monogatari","JP","SCD",1994,"Nihon Bussan (Nichibutsu)/Cream / 日本物産（ニチブツ）"
"Sexy Idol Mahjong Yakyuuken No Shi / セクシーアイドル麻雀 野球拳の詩","sexy-idol-mahjong-yakyuuken-no-shi","JP","SCD",1995,"Nihon Bussan (Nichibutsu)/Cream / 日本物産（ニチブツ）"
"Shadow Of The Beast / SHADOW OF THE BEAST/シャドー・オブ・ザ・ビースト 魔性の掟","shadow-of-the-beast","JP","SCD",1992,"Victor Musical Industries/Psygnosis / ビクター音楽産業"
"Shapeshifter - Makai Eiyuuden / シェイプシフター 魔界英雄伝","shapeshifter-makai-eiyuuden","JP","SCD",1992,"Victor Musical Industries/ICOM Simulations/Turbo Technologies / ビクター音楽産業"
"Shiawase Usagi / 幸せウサギ","shiawase-usagi","JP","SCD",,
"Shiawase Usagi II Torawase Usagi Sailor Z / 幸せウサギII　とらわせウサギセーラーZ","shiawase-usagi-ii-torawase-usagi-sailor-z","JP","SCD",,
"Shin - Megami Tensei / 真・女神転生","shin-megami-tensei","JP","SCD",1993,"Atlus / アトラス"
"Shin Onriyou Senki / 真怨霊戦記","shin-onriyou-senki","JP","SCD",1995,"Fujicom / フジコム"
"Shinsetsu Shiawase Usagi","shinsetsu-shiawase-usagi","JP","SCD",,
"Shinsetsu Shiawase Usagi 2","shinsetsu-shiawase-usagi-2","JP","SCD",,
"Shinsetsu Shiawase Usagi F - Yuujiyou Yorimo Aiyoku","shinsetsu-shiawase-usagi-f-yuujiyou-yorimo-aiyoku","JP","SCD",,
"Shougi Database / 将棋 データベース棋友","shougi-database","JP","SCD",1995,"SETA / セタ"
"Sim Earth The Living Planet / シムアース","sim-earth-the-living-planet","JP","SCD",1993,"Hudson/Maxis / ハドソン/マクシス"
"Slime World / スライムワールド","slime-world","JP","SCD",1992,"Micro World / マイクロワールド"
"Snatcher / スナッチャー","snatcher","JP","SCD",1992,"Konami / コナミ"
"Sol Moonarge / ソル：モナージュ","sol-moonarge","JP","SCD",1994,"Irem / アイレム"
"Sotsugyou Graduation / 卒業 グラデュエーション","sotsugyou-graduation","JP","SCD",1993,"NEC Avenue/Tenky/Head Room / NECアベニュー/テンキー/ヘッドルーム"
"Space Fantasy Zone / スペースファンタジーゾーン","space-fantasy-zone","JP","SCD",1991,"NEC Avenue/Sega / NECアベニュー/セガ"
"Space Invaders - The Original Game / スペースインベーダー ジ・オリジナルゲーム","space-invaders-the-original-game","JP","SCD",1995,"NEC Avenue / NECアベニュー"
"Super Mahjong Taikai / SUPER麻雀大会","super-mahjong-taikai","JP","SCD",1992,"Koei / 光栄"
"Super Raiden / SUPER雷電","super-raiden","JP","SCD",1992,"Hudson/Seibu Kaihatsu / ハドソン/セイブ開発"
"Super Real Mahjong P II/III Custom / スーパー リアル麻雀P II・IIIカスタム","super-real-mahjong-p-ii/iii-custom","JP","SCD",1994,"naxat/SETA / ナグザット/セタ"
"Super Real Mahjong P V Custom / スーパー リアル麻雀P. V カスタム","super-real-mahjong-p-v-custom","JP","SCD",1995,"naxat/Seta / ナグザット/セタ"
"Super Real Mahjong Special / Super リアル麻雀 Special ～ミカ・カスミ・ショウコの思い出より～","super-real-mahjong-special","JP","SCD",1992,"naxat/Seta / ナグザット/セタ"
"Super Schwarzschild 2 / スーパーシュヴァルツシルト2","super-schwarzschild-2","JP","SCD",1992,"Kogado Studio / 工画堂スタジオ"
"Tadaima Yuusha Boshuuchuu / ただいま勇者募集中","tadaima-yuusha-boshuuchuu","JP","SCD",1993,"Human / ヒューマン"
"Tanjou Debut / 誕生 Debut","tanjou-debut","JP","SCD",1994,"NEC Avenue/Tenky/Head Room / NECアベニュー/テンキー/ヘッドルーム"
"Tecmo World Cup Super Soccer / テクモ ワールドカップスーパーサッカー","tecmo-world-cup-super-soccer","JP","SCD",1992,"Media Rings/Tecmo / メディアリング/テクモ"
"Tekipaki Wakin - Love / てきぱきワーキン・ラブ","tekipaki-wakin-love","JP","SCD",1997,"NEC Home Electronics / NECホームエレクトロニクス"
"Tengai Makyou - Far East Of Eden - Kabuki Den - Shutsugeki No Sho / 天外魔境風雲カブキ伝 出撃の書","tengai-makyou-far-east-of-eden-kabuki-den-shutsugeki-no-sho","JP","SCD",1993,
"The Davis Cup Tennis / ザ・デビスカップテニス","the-davis-cup-tennis","JP","SCD",1992,"Micro World / マイクロワールド"
"The Kick Boxing / ザ・キックボクシング","the-kick-boxing","JP","SCD",1992,"Micro World / マイクロワールド"
"The Pro Yakyuu Super / ザ・プロ野球SUPER","the-pro-yakyuu-super","JP","SCD",1992,"Intec / インテック"
"The Pro Yakyuu Super '94 / ザ・プロ野球SUPER'94","the-pro-yakyuu-super-'94","JP","SCD",1994,"Intec / インテック"
"The TV Show / ザ　ティーベィー　ショー","the-tv-show","JP","SCD",1995,"Right Stuff / ライトスタッフ"
"Toraberaazu! Densetsu O Buttobase / とらべらーず！伝説をぶっとばせ","toraberaazu!-densetsu-o-buttobase","JP","SCD",1994,"Victor Entertainment / ビクターエンタテインメント"
"Uchuu Senkan Yamato / 宇宙戦艦ヤマト","uchuu-senkan-yamato","JP","SCD",1992,"Human / ヒューマン"
"Winds Of Thunder / ウィンズ・オブ・ サンダー","winds-of-thunder","JP","SCD",1993,"Hudson/Red / ハドソン/レッド"
"Wizardry I & II / ウィザードリィI・II","wizardry-i-&-ii","JP","SCD",1993,"naxat/Sir-Tech / ナグザット"
"Wrestle Angels Double Impact / レッスルエンジェルスダブルインパクト","wrestle-angels-double-impact","JP","SCD",1995,"NEC Home Electronics/Great / NECホームエレクトロニクス/グレイト"
"Yamamura Misa - The Special Kinsenka Kyo-ezara Satsujin-jiken / 山村美紗サスペンス 金盞花京絵皿殺人事件","yamamura-misa-the-special-kinsenka-kyo-ezara-satsujin-jiken","JP","SCD",1992,"naxat / ナグザット"
"Yuu Yuu Hakushou / 幽☆遊☆白書 闇勝負！！暗黒武術会","yuu-yuu-hakushou","JP","SCD",1993,"Banpresto / バンプレスト"
"Fire Pro Female Wrestling / ファイプロ女子 憧夢超女大戦 全女 vs JWP","fire-pro-female-wrestling","JP","ACD",1995,"Human/HuneX / ヒューマン/ヒューネックス"
"Madou Monogatari - Hono No Sotsuengo / 魔導物語I 炎の卒園児","madou-monogatari-hono-no-sotsuengo","JP","ACD",1996,"NEC Avenue / NECアベニュー"
"Strider Hiryuu / ストライダー飛竜","strider-hiryuu","JP","ACD",1994,"NEC Avenue/Capcom / NECアベニュー/カプコン"
"World Heroes 2 / ワールドヒーローズ2","world-heroes-2","JP","ACD",1994,"Hudson/ADK / ハドソン/エーディーケイ"
"Darius Alpha / ダライアスα","darius-alpha","JP","Hu+",1990,"NEC Avenue / NECアベニュー"
"Darius Plus / ダライアス・プラス","darius-plus","JP","Hu+",1990,"NEC Avenue / NECアベニュー"
"1941 Counter Attack / 1941カウンターアタック","1941-counter-attack","JP","SHu",1991,"Hudson/Capcom / ハドソン/カプコン"
"Aldynes - The Mission Code For Rage Crisis / オルディネス","aldynes-the-mission-code-for-rage-crisis","JP","SHu",1991,"Hudson / ハドソン"
"Battle Ace / バトルエース","battle-ace","JP","SHu",1989,"Hudson / ハドソン"
"Daimakaimura / 大魔界村","daimakaimura","JP","SHu",1990,"NEC Avenue/Alfa System/Capcom / NECアベニュー/アルファ・システム/カプコン"
"André Panza Kick Boxing","andré-panza-kick-boxing","US","Hu",1991,"Nec / Loriciel"
"Chew-Man-Fu","chew-man-fu","US","Hu",1990,"Nec / Hudson Soft"
"Davis Cup Tennis","davis-cup-tennis","US","Hu",1991,"Nec / Loriciel/ITF"
"Fantasy Zone","fantasy-zone-us","US","Hu",1989,"Nec / Nec Avenue/Sega"
"Gun Boat","gun-boat","US","Hu",1992,"Nec / Accolade"
"Jack Nicklaus's Turbo Golf","jack-nicklaus's-turbo-golf","US","Hu",1990,"Accolade"
"Magical Chase","magical-chase-us","US","Hu",1993,"Turbo Technologies / Quest"
"Space Harrier","space-harrier-us","US","Hu",1989,"Nec Avenue/Sega"
"Super System Card ver.3.0","super-system-card-ver.3.0","US","Hu",1992,"Nec Home Electronics / Hudson Soft"
"Tiger Road","tiger-road","US","Hu",1990,"Nec / Victor Musical Industries"
"Time Ball","time-ball","US","Hu",1990,"Nec / Hudson Soft/Manuel C."
"TV Sports Basketball","tv-sports-basketball-us","US","Hu",1991,"Nec / Cinemaware"
"TV Sports Hockey","tv-sports-hockey-us","US","Hu",1991,"Nec / Cinemaware"
"World Court Tennis","world-court-tennis","US","Hu",1989,"Nec / Namco"
"Bikini Girls","bikini-girls","US","CD",,
"Hawaiian Island Girls","hawaiian-island-girls","US","CD",,
"Local Girls Of Hawaii","local-girls-of-hawaii","US","CD",,
"Bonk 3 CD: Bonk's Big Adventure","bonk-3-cd:-bonk's-big-adventure","US","SCD",,
"Implode","implode","US","SCD",2002,"MindRec Communications"
"Lords Of Thunder Demo Disc","lords-of-thunder-demo-disc","US","SCD",,
"Meteor Blaster DX","meteor-blaster-dx","US","SCD",,
"Sherlock Holmes Vol.2","sherlock-holmes-vol.2","US","SCD",,
"Syd Mead's Terraforming","syd-mead's-terraforming","US","SCD",,
"TurboDuo 3-in-1 Pack-In disc","turboduo-3-in-1-pack-in-disc","US","SCD",1992,"NEC / Hudson Soft / Red / Atlus"
